,free_win_rate,paid_win_rate,place,total_paid,win_rate,overall.first,overall.races,overall.second,overall.third,horse_id
0,1.9,11.54,25.19,0.052315,3.82,5,131,14,14,32107
0,10.81,0.0,23.64,0.025608,7.27,4,55,3,6,425327
0,6.82,0.0,32.69,0.0,5.77,3,52,6,8,425326
0,9.63,5.79,22.27,0.20629,7.81,20,256,22,15,425328
0,3.82,3.98,23.74,0.4292216,3.86,33,855,68,102,425331
0,15.26,15.64,31.55,0.81436305,15.46,98,634,68,34,32115
0,2.54,0.0,21.19,0.0,2.54,3,118,13,9,163188
0,4.11,0.0,24.16,0.00374,4.03,6,149,13,17,163190
0,0.0,0.0,24.24,0.00378,0.0,0,33,2,6,425340
0,19.08,17.46,38.43,1.4625438,17.8,113,635,64,67,163201
0,12.14,4.0,26.17,0.043285,10.55,27,256,16,24,425351
0,5.35,7.76,27.39,1.59269835,6.33,86,1358,139,147,425356
0,5.0,0.0,30.0,0.0,5.0,1,20,3,2,425365
0,13.49,0.0,28.67,0.099842,11.89,17,143,14,10,425370
0,6.05,0.0,26.07,0.160954,5.92,25,422,47,38,425375
0,7.83,0.0,30.33,0.00624,7.38,9,122,11,17,163233
0,7.16,0.0,25.61,0.0084,7.07,29,410,44,32,425378
0,7.59,8.22,25.97,0.0585,7.79,18,231,24,18,163234
0,1.18,8.33,15.46,0.00612,2.06,2,97,6,7,163236
0,0.0,0.0,11.43,0.0,0.0,0,70,3,5,425380
0,4.35,15.79,24.62,0.017235,7.69,5,65,8,3,163235
0,12.06,3.33,27.95,0.01764,10.92,25,229,22,17,163238
0,11.11,0.0,31.58,0.023916,10.53,6,57,5,7,425387
0,2.6,0.0,23.38,0.0,2.6,2,77,6,10,425391
0,0.0,0.0,0.0,0.0,0.0,0,10,0,0,425397
0,8.39,1.47,30.23,0.177397,7.06,25,354,48,34,425400
0,5.34,4.92,25.81,0.0584823,5.28,26,492,51,50,163257
0,8.16,0.0,19.05,0.0,7.62,8,105,6,6,425402
0,11.76,0.0,30.25,0.0,11.76,14,119,9,13,425407
0,20.0,0.0,34.78,0.010455,13.04,3,23,1,4,425410
0,13.03,0.0,29.63,0.00187,12.59,34,270,25,21,163268
0,5.97,0.0,22.96,0.0,5.93,8,135,7,16,425415
0,3.57,0.0,17.86,0.0,3.57,1,28,2,2,425416
0,5.13,0.0,18.82,0.0057552,4.71,12,255,20,16,163273
0,0.0,0.0,0.0,0.0,0.0,0,13,0,0,425430
0,11.11,0.0,23.33,0.00204,10.0,6,60,1,7,163290
0,14.81,18.18,40.0,0.0209484,15.38,10,65,10,6,163291
0,6.0,0.0,28.07,0.0,5.26,3,57,9,4,163294
0,8.33,0.0,28.57,0.008088,4.76,1,21,3,2,425446
0,3.72,0.0,8.95,0.0,3.68,7,190,3,7,32233
0,4.44,0.0,24.0,0.00162,4.0,2,50,3,7,163309
0,6.25,0.0,11.11,0.001344,5.56,2,36,2,0,425456
0,0.0,0.0,0.0,0.0,0.0,0,7,0,0,425463
0,4.91,0.0,19.41,0.033805,4.61,14,304,17,28,163319
0,5.84,0.0,17.2,0.00297,5.8,29,500,24,33,32253
0,6.56,0.0,21.99,0.01204,5.67,8,141,19,4,163325
0,0.0,0.0,0.0,0.0,0.0,0,18,0,0,163331
0,12.84,2.7,29.73,0.05248065,11.71,39,333,30,30,425480
0,6.81,9.09,22.76,0.019392,6.91,17,246,18,21,425482
0,10.32,15.09,26.87,1.2369674,11.97,147,1228,102,81,163338
0,10.95,11.23,29.59,1.13062775,11.13,111,997,104,80,32271
0,5.05,0.0,22.28,0.00519,4.95,10,202,13,22,425488
0,0.0,0.0,0.0,0.0,0.0,0,2,0,0,425487
0,12.15,0.0,25.45,0.02568,11.82,13,110,9,6,425490
0,7.98,0.0,25.3,0.05184,7.83,13,166,13,16,425491
0,5.41,4.69,26.81,0.1641612,5.07,7,138,13,17,425492
0,10.0,0.0,21.43,0.04914,5.71,4,70,8,3,425493
0,7.98,9.8,26.03,1.0159107,8.64,71,822,59,84,425494
0,8.33,0.0,29.17,0.00072,8.33,2,24,4,1,425489
0,8.15,0.0,27.03,0.0693876,5.95,11,185,20,19,425496
0,17.5,0.0,36.47,0.00108,16.47,14,85,6,11,163349
0,10.0,8.75,28.04,0.63453155,9.41,48,510,43,52,425498
0,10.71,0.0,32.18,0.01648,10.34,9,87,9,10,425501
0,8.93,0.0,28.07,0.0,8.77,5,57,2,9,425503
0,3.7,0.0,20.37,0.0,3.7,2,54,3,6,425504
0,0.0,50.0,12.5,0.008448,6.25,1,16,1,0,163361
0,2.04,9.09,13.33,0.01308,3.33,2,60,2,4,425506
0,11.65,8.7,25.95,0.060375,11.42,33,289,22,20,425507
0,4.35,0.0,6.9,0.00168,3.45,1,29,0,1,425508
0,6.82,0.0,25.0,0.008075,6.82,3,44,6,2,425509
0,5.26,10.0,17.24,0.006144,6.9,2,29,0,3,425510
0,3.6,0.0,22.79,0.004715,3.49,13,373,32,40,163362
0,11.97,0.0,26.74,0.031222,11.36,31,273,26,16,425512
0,0.0,5.88,20.29,0.035496,1.45,1,69,7,6,425513
0,0.0,0.0,18.18,0.004935,0.0,0,11,1,1,425514
0,12.96,11.06,29.38,0.76521442,12.34,79,640,62,47,425516
0,0.0,0.0,17.65,0.000555,0.0,0,17,1,2,163373
0,7.69,0.0,15.38,0.0,7.69,2,26,1,1,425522
0,13.33,6.52,25.62,0.0275196,10.74,13,121,6,12,32309
0,10.06,11.11,28.11,0.4864385,10.7,43,402,36,34,163386
0,5.56,5.8,23.08,0.2695222,5.61,35,624,48,61,425531
0,0.0,0.0,0.0,0.0,0.0,0,13,0,0,425530
0,0.0,3.33,10.94,0.022494,1.56,2,128,6,6,32322
0,3.45,0.0,15.63,0.0048,3.13,1,32,1,3,425543
0,5.56,7.69,25.58,0.022495,6.2,8,129,12,13,163404
0,6.93,0.0,26.42,0.005808,6.6,7,106,4,17,32333
0,17.47,10.63,32.43,0.3235081,15.5,86,555,50,44,425551
0,4.08,0.0,26.53,0.0,4.08,2,49,6,5,425555
0,5.0,0.0,21.74,0.0045,4.35,1,23,1,3,425557
0,9.32,0.0,25.31,0.0373997,8.98,22,245,23,17,32341
0,0.0,0.0,0.0,0.0,0.0,0,8,0,0,425560
0,3.41,0.0,23.31,0.02116091,3.37,11,326,29,36,425565
0,15.63,0.0,33.33,0.06444025,13.33,10,75,10,5,425566
0,6.68,2.7,23.96,0.10705,6.45,42,651,61,53,32349
0,0.0,0.0,0.0,0.0,0.0,0,13,0,0,425572
0,12.32,10.42,30.86,0.064395,12.1,49,405,42,34,163433
0,0.0,0.0,0.0,0.0,0.0,0,1,0,0,425580
0,0.0,0.0,14.58,0.005475,0.0,0,48,5,2,425581
0,5.71,0.0,24.76,0.0,5.71,6,105,7,13,425582
0,6.06,0.0,32.58,0.118095,6.06,8,132,13,22,425587
0,10.56,0.0,30.22,0.04884,10.44,19,182,27,9,425588
0,10.73,30.0,26.43,0.12110535,11.19,47,420,33,31,425589
0,3.63,0.0,21.56,0.04453,3.35,9,269,23,26,425590
0,3.32,0.0,20.17,0.022685,2.94,7,238,12,29,163447
0,5.81,0.0,22.17,0.047289,4.93,10,203,15,20,425591
0,4.04,6.45,26.92,0.032802,4.62,6,130,14,15,163451
0,7.02,0.0,26.98,0.0,6.35,4,63,7,6,425598
0,7.5,0.0,26.23,0.02697,7.38,9,122,11,12,425601
0,0.0,0.0,12.82,0.0,0.0,0,39,3,2,425608
0,5.54,0.0,30.8,0.0155435,5.42,25,461,54,63,425615
0,11.22,0.0,33.64,0.004635,10.28,11,107,10,15,163473
0,15.69,6.67,24.24,0.0213,13.64,9,66,4,3,425619
0,3.39,0.0,11.86,0.0,3.39,2,59,2,3,425620
0,6.05,7.69,18.86,0.013536,6.14,14,228,13,16,425621
0,5.6,4.21,27.73,0.2450603,5.0,11,220,20,30,425623
0,20.65,0.0,37.39,0.037983,16.52,19,115,14,10,163480
0,4.17,0.0,20.83,0.0,4.17,2,48,3,5,425626
0,7.41,6.67,26.91,0.11710125,7.23,18,249,21,28,425627
0,3.99,5.88,10.58,0.01042,4.1,12,293,11,8,163483
0,0.0,0.0,0.0,0.0,0.0,0,54,0,0,163485
0,3.05,4.0,22.57,0.14020165,3.16,14,443,37,49,425633
0,2.48,0.0,19.42,0.000555,2.48,6,242,18,23,163490
0,13.6,8.33,28.67,0.0828908,12.33,37,300,25,24,425635
0,9.36,0.0,26.86,0.00384,9.14,16,175,16,15,425636
0,9.85,4.0,24.2,0.03831,8.92,14,157,12,12,425637
0,13.24,8.33,29.05,0.01661865,12.84,19,148,8,16,425640
0,6.83,0.0,30.43,0.02175065,6.83,11,161,16,22,425645
0,5.56,0.0,26.39,0.0,5.56,4,72,9,6,425646
0,13.41,0.0,20.0,0.0087,12.94,11,85,3,3,425647
0,8.49,0.0,33.9,0.010656,7.63,9,118,13,18,425648
0,2.48,0.0,20.5,0.0,2.48,4,161,7,22,425649
0,1.82,0.0,25.81,0.013635,1.61,2,124,13,17,425654
0,5.63,3.35,25.37,0.83399805,4.63,19,410,39,46,425655
0,0.0,0.0,3.74,0.000576,0.0,0,107,2,2,163513
0,5.56,0.0,18.97,0.0,5.17,3,58,5,3,425657
0,7.41,25.0,22.58,0.0249288,9.68,3,31,3,1,425659
0,12.9,0.0,25.81,0.000695,12.9,4,31,3,1,425658
0,10.24,5.41,28.1,0.0528876,9.5,23,242,25,20,425661
0,0.0,0.0,0.0,0.0,0.0,0,16,0,0,163518
0,0.0,0.0,0.0,0.0,0.0,0,19,0,0,163523
0,0.0,0.0,10.0,0.0,0.0,0,10,0,1,425670
0,0.0,0.0,0.0,0.0,0.0,0,8,0,0,163527
0,8.11,0.0,22.97,0.0,8.11,6,74,8,3,425671
0,0.0,0.0,0.0,0.0,0.0,0,10,0,0,163537
0,0.0,0.0,0.0,0.0,0.0,0,9,0,0,425684
0,18.6,0.0,27.27,0.00396,14.55,8,55,4,3,425687
0,11.83,3.03,26.98,0.14400339,9.52,12,126,7,15,425688
0,0.0,0.0,0.0,0.0,0.0,0,10,0,0,425692
0,13.33,0.0,37.5,0.0,12.5,2,16,0,4,425693
0,4.5,0.0,27.12,0.006046,4.24,5,118,11,16,425694
0,0.0,0.0,0.0,0.0,0.0,0,12,0,0,425697
0,12.94,4.55,24.55,0.028776,12.27,34,277,17,17,425698
0,3.82,0.0,25.34,0.00727,3.42,5,146,18,14,163555
0,8.93,0.0,26.32,0.0,8.77,5,57,6,4,425701
0,15.0,0.0,21.33,0.00378,12.0,9,75,3,4,425702
0,12.51,11.15,27.72,2.7112938,11.7,252,2154,193,152,32487
0,9.82,0.0,26.72,0.006,9.48,11,116,12,8,425705
0,8.57,0.0,25.23,0.001615,8.11,9,111,8,11,425709
0,9.93,0.0,30.69,0.01164,9.57,29,303,37,27,163568
0,5.76,0.0,23.49,0.013755,5.49,40,728,61,70,163571
0,5.56,0.0,5.26,0.0,5.26,1,19,0,0,425724
0,8.24,0.0,27.12,0.00102,7.91,14,177,17,17,32509
0,8.04,10.71,30.1,0.18104745,9.18,18,196,19,22,425725
0,0.0,0.0,18.75,0.00588725,0.0,0,16,1,2,425731
0,19.09,8.93,27.11,0.1659648,15.66,26,166,7,12,425734
0,5.88,0.0,23.53,0.077398,5.29,9,170,14,17,425735
0,5.41,0.0,18.18,0.01124085,5.19,4,77,4,6,163592
0,11.11,0.0,35.62,0.02118,10.96,8,73,10,8,425741
0,14.35,0.0,31.34,0.0044067,13.82,30,217,21,17,425742
0,16.23,4.17,29.7,0.21326116,13.37,27,202,18,15,425743
0,2.27,0.0,8.7,0.000875,2.17,1,46,2,1,163601
0,0.0,0.0,0.0,0.0,0.0,0,5,0,0,425745
0,4.76,0.0,17.58,0.00324,4.4,8,182,13,11,32532
0,8.56,0.0,31.38,0.03834337,8.51,32,376,35,51,425749
0,10.88,0.0,31.07,0.2621157,10.19,21,206,24,19,425751
0,7.14,0.0,36.87,0.05695595,6.06,12,198,30,31,425755
0,12.14,0.0,33.77,0.015408,11.26,17,151,20,14,425756
0,5.26,0.0,13.95,0.0,4.65,2,43,0,4,163611
0,11.37,2.86,27.59,0.0701494,10.34,30,290,26,24,425757
0,9.03,0.0,19.21,0.0,8.61,13,151,6,10,425758
0,4.78,2.7,20.07,0.055596999999999994,4.28,13,304,18,30,32545
0,3.91,0.0,21.83,0.10718,3.06,7,229,17,26,425761
0,2.7,0.0,12.5,0.0,2.5,1,40,3,1,163622
0,7.89,0.0,26.32,0.00221,7.89,3,38,4,3,163623
0,5.41,22.22,15.22,0.022185,8.7,4,46,1,2,32554
0,0.0,0.0,0.0,0.0,0.0,0,4,0,0,425772
0,5.88,0.0,23.53,0.0,5.88,1,17,3,0,425776
0,5.22,0.0,23.7,0.0,5.19,7,135,10,15,425777
0,1.65,1.75,15.73,0.022467,1.69,3,178,10,15,163635
0,10.13,0.0,36.27,0.0318,7.84,8,102,9,20,425783
0,11.58,4.55,29.06,0.042204,10.26,12,117,6,16,425784
0,6.67,0.0,13.33,0.0,6.67,1,15,1,0,425785
0,13.12,9.63,27.35,0.8941079,12.13,173,1426,124,93,163640
0,3.6,0.0,20.63,0.024159,3.13,5,160,10,18,425787
0,3.7,0.0,24.14,0.0,3.45,1,29,1,5,425791
0,6.02,2.94,23.4,0.1482708,4.64,21,453,30,55,32581
0,11.45,10.45,32.19,0.0766692,11.16,26,233,27,22,163656
0,14.39,0.0,25.35,0.0,14.08,20,142,13,3,163661
0,12.0,2.78,28.38,0.086815,9.01,20,222,23,20,163666
0,5.75,0.0,31.63,0.087524,5.1,5,98,13,13,163673
0,9.09,0.0,16.67,0.000925,8.33,1,12,1,0,32602
0,2.63,0.0,17.28,0.00048,2.47,2,81,6,6,163675
0,9.21,0.0,20.51,0.001485,8.97,7,78,5,4,163674
0,5.61,0.0,26.13,0.06656919,5.53,11,199,16,25,163676
0,16.67,0.0,39.39,0.015635,15.15,5,33,5,3,163683
0,16.58,12.12,30.88,0.408646,15.9,69,434,36,29,163684
0,3.83,11.11,18.89,0.013475,4.07,11,270,20,20,163685
0,14.12,7.69,28.14,0.06493,13.66,50,366,27,26,163686
0,7.87,0.0,26.21,0.015024,6.8,7,103,12,8,32617
0,8.56,9.82,31.48,2.03312825,9.04,143,1582,176,179,163693
0,12.85,11.47,25.36,0.627694,12.5,138,1104,84,58,163694
0,14.21,9.47,30.19,2.2805075,12.22,268,2193,215,179,163697
0,5.88,2.44,27.97,0.0925362,4.9,7,143,14,19,163699
0,0.0,0.0,13.33,0.003525,0.0,0,15,2,0,163701
0,21.83,14.58,34.33,1.1643495,19.95,147,737,60,46,163704
0,4.07,0.0,20.68,0.0725014,3.76,10,266,17,28,425849
0,19.19,0.0,46.53,0.011095,18.81,19,101,16,12,163712
0,0.0,0.0,0.0,0.0,0.0,0,22,0,0,163713
0,6.42,0.0,22.26,0.017805,6.42,17,265,17,25,425858
0,0.0,0.0,18.18,0.0,0.0,0,22,1,3,425859
0,6.12,0.0,19.61,0.0,5.88,3,51,3,4,425861
0,0.0,0.0,0.0,0.0,0.0,0,13,0,0,163718
0,9.65,13.33,24.34,0.117029,11.11,21,189,14,11,32648
0,16.91,10.48,34.86,0.6530646,13.53,59,436,49,44,425867
0,0.0,0.0,22.22,0.0,0.0,0,9,2,0,425869
0,6.15,0.0,13.85,0.0,6.15,4,65,2,3,425872
0,5.67,0.0,24.65,0.00685,5.66,28,495,46,48,425873
0,9.5,0.0,21.79,0.01056345,8.97,21,234,20,10,425876
0,0.0,0.0,8.0,0.0,0.0,0,25,1,1,425877
0,10.91,0.0,32.14,0.06169,10.71,12,112,12,12,163736
0,5.42,0.0,28.22,0.014308,5.34,39,730,77,90,163737
0,2.9,0.0,17.39,0.0,2.9,2,69,6,4,425880
0,0.0,0.0,5.0,0.01785,0.0,0,20,0,1,425881
0,8.82,9.59,25.8,1.14516076,9.2,92,1000,83,83,32672
0,3.8,6.82,30.08,0.075563,4.88,6,123,10,21,32673
0,3.45,0.0,21.84,0.0,3.45,3,87,5,11,425898
0,3.95,0.0,19.74,0.0,3.95,3,76,3,9,163756
0,9.09,0.0,24.14,0.071472,6.9,4,58,5,5,425904
0,8.76,5.38,25.09,0.533816,7.4,41,554,36,62,425905
0,5.36,0.0,21.43,0.0,5.36,6,112,8,10,425910
0,2.65,11.11,18.75,0.011167,3.13,5,160,14,11,32695
0,10.95,0.0,27.6,0.001965,10.85,70,645,57,51,425912
0,0.0,0.0,0.0,0.0,0.0,0,8,0,0,425914
0,9.52,0.0,26.09,0.00192,8.7,4,46,3,5,425915
0,5.81,14.29,19.35,0.014448,6.45,6,93,6,6,425916
0,6.96,0.0,24.27,0.0267945,6.69,16,239,20,22,425917
0,8.56,3.19,28.42,0.21493154,7.48,35,468,58,40,425918
0,6.67,13.64,30.77,0.025945,9.62,5,52,5,6,163770
0,8.9,6.45,26.3,0.05529425,8.77,49,559,62,36,425920
0,8.77,0.0,24.4,0.0,8.59,25,291,28,18,425921
0,2.96,2.94,19.53,0.016365,2.96,5,169,17,11,163777
0,9.08,13.29,27.83,0.975693,10.14,121,1193,98,113,32706
0,5.19,0.0,25.93,0.0131169,4.94,4,81,10,7,425924
0,3.85,0.0,21.15,0.00417,3.85,2,52,3,6,425925
0,10.91,0.0,26.98,0.02694,9.52,6,63,7,4,425928
0,8.74,9.09,23.68,0.006672,8.77,10,114,9,8,425931
0,4.35,0.0,21.74,0.0,4.35,2,46,6,2,425933
0,7.69,0.0,23.66,0.0,7.63,10,131,11,10,425934
0,7.89,0.0,26.32,0.0,7.89,21,266,28,21,425936
0,3.33,0.0,22.22,0.0,2.78,1,36,3,4,425939
0,0.0,0.0,13.33,0.0,0.0,0,15,0,2,425944
0,5.84,0.0,28.57,0.00685,5.71,8,140,17,15,425947
0,2.37,10.0,25.24,0.164737,3.83,12,313,34,33,163805
0,7.8,5.26,21.88,0.01562,7.59,17,224,21,11,163807
0,9.19,0.0,25.97,0.01398,8.57,33,385,35,32,425954
0,7.75,0.0,32.56,0.079145,7.75,10,129,13,19,425957
0,8.36,12.11,29.96,2.425567,10.71,255,2380,244,214,32742
0,0.0,0.0,0.0,0.0,0.0,0,5,0,0,425965
0,1.51,0.0,16.91,0.0,1.47,4,272,22,20,425966
0,5.0,0.0,23.81,0.0018,4.76,1,21,0,4,163825
0,2.08,0.0,12.24,0.001275,2.04,1,49,4,1,163826
0,5.56,0.0,23.61,0.000375,5.56,4,72,5,8,163827
0,3.85,0.0,11.54,0.0,3.85,2,52,2,2,425976
0,6.03,0.0,20.69,0.0,6.03,7,116,4,13,425977
0,13.64,13.38,29.11,1.546435,13.48,201,1491,129,104,32763
0,5.13,0.0,19.05,0.005163,4.76,2,42,2,4,32766
0,5.84,0.0,23.22,0.0060846,5.62,15,267,21,26,425986
0,0.0,0.0,8.7,0.0,0.0,0,23,1,1,425991
0,5.36,0.0,12.5,0.0,5.36,3,56,1,3,425992
0,12.32,7.6,27.08,0.3111045,10.8,57,528,44,42,426011
0,9.09,0.0,27.27,0.0,9.09,2,22,1,3,426012
0,18.84,5.88,32.04,0.125928,14.56,15,103,8,10,426015
0,7.69,0.0,38.46,0.008975,7.69,1,13,1,3,426016
0,8.81,0.0,33.49,0.083815,7.8,17,218,29,27,426017
0,10.45,0.0,24.48,0.00534,10.34,30,290,16,25,426025
0,9.24,0.0,32.38,0.08670085,8.55,33,386,56,36,426026
0,9.81,0.0,25.89,0.0,9.81,47,479,48,29,426029
0,4.38,0.0,25.56,0.01065,4.06,20,493,46,60,163887
0,5.36,0.0,15.25,0.0,5.08,3,59,4,2,426032
0,12.5,0.0,45.1,0.0187805,11.76,6,51,7,10,426037
0,11.68,0.0,26.62,0.0,11.51,16,139,13,8,426042
0,0.0,0.0,34.38,0.011025,0.0,0,64,11,11,426045
0,6.78,0.0,14.75,0.0,6.56,4,61,2,3,426046
0,14.2,11.48,26.52,0.12498,13.48,31,230,14,16,426050
0,6.71,9.09,26.88,0.0643257,6.99,13,186,21,16,426053
0,3.63,0.0,17.95,0.00215895,3.59,7,195,11,17,426054
0,10.11,6.25,28.57,0.024588,9.52,10,105,12,8,426059
0,7.22,0.0,25.69,0.026975,6.42,14,218,18,24,426076
0,0.0,0.0,0.0,0.0,0.0,0,4,0,0,163935
0,0.0,0.0,32.0,0.0,0.0,0,25,3,5,426080
0,11.36,0.0,17.39,0.0018,10.87,5,46,0,3,426081
0,13.25,10.47,28.19,0.267078,12.76,62,486,39,36,426082
0,15.58,3.85,30.1,0.023808,12.62,13,103,9,9,426083
0,10.59,14.81,29.94,0.240252,11.92,41,344,33,29,426085
0,4.86,0.0,22.61,0.01602,4.79,18,376,36,31,163942
0,9.09,0.0,37.78,0.090338,6.67,3,45,6,8,426087
0,11.76,16.35,28.28,0.8962526,14.09,146,1036,70,77,163944
0,6.88,0.0,24.77,0.07845999999999999,6.74,37,549,56,43,163945
0,3.13,0.0,10.61,0.05738,3.03,2,66,2,3,426091
0,0.0,0.0,13.33,0.0,0.0,0,15,0,2,426093
0,13.0,0.0,26.0,0.021855,13.0,13,100,5,8,426094
0,7.14,0.0,42.22,0.000855,6.67,3,45,9,7,163951
0,13.46,0.0,22.64,0.0,13.21,7,53,2,3,426101
0,7.89,0.0,21.05,0.0,7.89,12,152,12,8,426103
0,18.18,0.0,18.6,0.006354999999999999,13.95,6,43,2,0,163960
0,4.84,0.0,24.5,0.00167,4.84,17,351,30,39,426105
0,4.31,0.0,21.05,0.00085,4.31,9,209,16,19,426106
0,5.47,0.0,20.0,0.01824,5.38,7,130,14,5,426107
0,4.63,0.0,24.07,0.00396,4.63,10,216,17,25,426108
0,7.73,0.0,21.03,0.0,7.69,15,195,18,8,426109
0,7.34,0.0,25.27,0.0397096,7.14,13,182,20,13,426110
0,4.51,0.0,16.95,0.0069567,4.47,29,649,45,36,426112
0,5.66,0.0,15.09,0.0,5.66,3,53,4,1,426113
0,5.45,9.09,26.56,0.0175,5.54,24,433,49,42,163970
0,0.74,0.0,13.33,0.0066,0.74,1,135,8,9,426122
0,3.45,0.0,15.52,0.0,3.45,4,116,5,9,426123
0,2.03,0.0,18.83,0.004964999999999999,1.95,3,154,14,12,426124
0,3.47,0.0,25.27,0.00792,3.3,6,182,14,26,426125
0,5.59,0.0,22.45,0.0,5.44,8,147,14,11,426126
0,2.68,0.0,23.49,0.0,2.68,4,149,11,20,426127
0,1.87,0.0,20.37,0.0,1.85,2,108,11,9,426128
0,6.82,0.0,23.48,0.0,6.82,9,132,10,12,426129
0,12.68,12.2,28.25,1.22862,12.47,229,1837,143,147,32919
0,8.38,0.0,22.66,0.0087936,7.88,16,203,17,13,426135
0,11.94,0.0,31.34,0.0,11.94,8,67,8,5,426137
0,4.17,0.0,33.33,0.0,4.17,1,24,3,4,426142
0,5.26,0.0,23.91,0.004704,4.35,2,46,4,5,426144
0,15.25,8.33,23.94,0.008688,14.08,10,71,5,2,426145
0,0.0,0.0,0.0,0.0,0.0,0,11,0,0,164001
0,10.94,4.55,27.91,0.023088,9.3,8,86,7,9,426153
0,7.11,8.33,28.7,0.020424,7.17,16,223,23,25,426155
0,17.19,0.0,41.46,0.0615716,13.41,11,82,7,16,426157
0,6.02,0.0,24.46,0.0157072,5.43,10,184,12,23,164014
0,21.74,0.0,38.46,0.008856,19.23,5,26,2,3,426160
0,2.35,0.0,25.58,0.000825,2.33,2,86,3,17,164020
0,1.39,0.0,24.32,0.0,1.35,1,74,10,7,426169
0,10.84,0.0,29.23,0.2069028,10.16,57,561,55,52,426170
0,8.57,0.0,29.63,0.06031,8.33,27,324,41,28,426171
0,6.99,1.27,20.7,0.1993512,4.88,21,430,23,45,426173
0,2.5,0.0,12.2,0.0,2.44,1,41,3,1,164029
0,10.14,0.0,24.77,0.00207,9.91,22,222,20,13,164030
0,8.33,0.0,8.33,0.0,8.33,1,12,0,0,426176
0,4.8,0.0,19.2,0.0,4.8,6,125,6,12,426177
0,7.44,0.0,33.4,0.291375,7.14,34,476,59,66,164040
0,9.41,0.0,23.46,0.053534,8.94,16,179,14,12,426187
0,13.25,0.0,25.3,0.00076,13.25,11,83,6,4,295116
0,6.67,0.0,26.37,0.0,6.59,6,91,7,11,426191
0,5.24,0.0,24.33,0.015705,5.0,15,300,25,33,426196
0,18.67,9.92,29.06,0.82278875,16.08,192,1194,91,64,164058
0,5.21,0.0,19.91,0.020868,4.98,11,221,10,23,426203
0,8.99,0.0,29.35,0.149765,8.7,8,92,9,10,426202
0,17.92,8.97,32.61,0.12181455,16.41,76,463,44,31,426206
0,11.11,50.0,32.61,0.011645,11.96,11,92,11,8,164062
0,7.51,0.0,31.15,0.020628,7.1,13,183,22,22,426213
0,3.39,0.0,16.67,0.005475,3.33,2,60,5,3,426215
0,10.0,0.0,13.33,0.0018,6.67,1,15,1,0,426233
0,4.93,2.78,24.49,0.057163,4.34,17,392,40,39,164091
0,14.52,0.0,32.81,0.00581,14.06,9,64,4,8,426235
0,13.56,3.33,25.84,0.04806,10.11,9,89,7,7,426238
0,2.27,0.0,9.38,0.010758,1.56,1,64,1,4,33025
0,0.96,0.0,24.07,0.008125,0.93,1,108,14,11,426255
0,15.38,0.0,30.77,0.0,15.38,2,13,1,1,426256
0,8.39,11.86,28.66,2.37818148,10.12,156,1542,147,139,426257
0,11.35,4.63,26.91,0.17953,8.43,21,249,21,25,33042
0,18.99,33.33,42.68,0.030035,19.51,16,82,8,11,164123
0,9.41,0.0,24.87,0.025488,8.12,16,197,18,15,164125
0,3.8,0.0,26.14,0.001785,3.41,3,88,11,9,164130
0,14.13,8.62,26.71,0.5502374,12.51,163,1303,101,84,164136
0,9.36,8.33,26.16,0.010164,9.32,26,279,29,18,33065
0,2.63,0.0,23.1,0.009525,2.53,7,277,24,33,164143
0,5.75,2.33,22.31,0.06382,4.62,6,130,8,15,164150
0,10.48,0.0,36.89,0.022765,9.02,11,122,20,14,164151
0,17.67,14.73,32.98,0.68614622,16.07,76,473,45,35,426300
0,0.0,13.33,19.23,0.01272,7.69,2,26,1,2,164160
0,6.84,0.0,33.16,0.07675725,6.74,13,193,21,30,426304
0,6.78,0.0,31.67,0.00642,6.67,4,60,6,9,426307
0,5.13,0.0,21.43,0.02094,4.76,2,42,6,1,426309
0,1.37,0.0,18.48,0.010164,1.09,1,92,6,10,33102
0,12.27,12.58,27.68,0.36395995999999997,12.32,114,925,86,56,33104
0,14.84,0.0,30.47,0.0,14.84,19,128,11,9,426324
0,3.16,2.88,25.63,0.203526,3.02,6,199,18,27,33110
0,0.0,0.0,0.0,0.0,0.0,0,3,0,0,426329
0,26.67,0.0,41.18,0.0,23.53,4,17,1,2,426330
0,10.14,25.0,29.48,0.02401,10.47,38,363,40,29,426331
0,19.27,10.12,36.36,2.61687564,14.11,151,1070,133,105,426332
0,0.0,0.0,18.92,0.0,0.0,0,37,4,3,426334
0,6.82,0.0,25.84,0.0,6.74,12,178,19,15,426335
0,1.75,0.0,19.33,0.013728,1.68,4,238,13,29,426340
0,4.41,0.0,27.08,0.010395,4.17,6,144,17,16,426349
0,0.0,0.0,0.0,0.0,0.0,0,6,0,0,426350
0,5.98,0.0,21.67,0.0,5.83,14,240,16,22,426352
0,10.26,0.0,33.33,0.01983,8.89,4,45,8,3,426364
0,12.17,25.0,33.61,0.020844,12.61,15,119,16,9,426365
0,7.42,0.0,24.76,0.042612,6.75,21,311,23,33,426368
0,3.8,0.0,18.52,0.0,3.7,3,81,3,9,426370
0,10.09,0.0,39.09,0.0228035,10.0,11,110,11,21,426371
0,0.0,0.0,6.67,0.002625,0.0,0,15,1,0,164237
0,5.38,0.0,24.21,0.020161000000000002,5.26,5,95,11,7,426388
0,5.47,12.5,23.83,0.0237008,5.57,32,575,48,57,164247
0,2.68,0.0,23.38,0.002976,2.6,4,154,12,20,164248
0,0.0,0.0,0.0,0.0,0.0,0,5,0,0,426394
0,4.84,3.85,22.94,0.3785172,4.13,9,218,16,25,426395
0,9.09,8.33,25.39,0.0335256,8.98,29,323,21,32,164253
0,0.0,0.0,25.0,0.00735,0.0,0,40,6,4,426398
0,6.25,0.0,20.83,0.0,6.25,6,96,8,6,164254
0,14.29,0.0,33.33,0.01764,11.11,3,27,2,4,426400
0,12.23,10.81,31.31,0.55460395,11.88,88,741,68,76,426407
0,10.0,0.0,32.73,0.01452,10.0,11,110,11,14,426408
0,7.03,0.0,23.44,0.00169275,7.03,9,128,12,9,426409
0,5.79,0.0,26.81,0.182013,5.07,7,138,16,14,426410
0,5.14,20.0,23.06,0.013824,5.56,20,360,31,32,426411
0,8.55,0.0,19.01,0.00397,8.26,10,121,8,5,164263
0,11.11,13.04,28.42,0.065845,11.58,11,95,10,6,426413
0,8.62,0.0,24.19,0.0,8.06,5,62,1,9,426415
0,4.55,0.0,9.09,0.0,4.55,1,22,0,1,426416
0,10.12,10.27,26.27,0.48697842,10.17,48,472,47,29,426420
0,12.41,11.76,27.04,0.11493045,12.24,24,196,16,13,426421
0,9.68,0.0,35.48,0.01958715,9.68,6,62,10,6,426423
0,13.16,0.0,33.33,0.0,11.9,5,42,6,3,426429
0,10.55,10.18,25.88,0.22959,10.35,44,425,38,28,164286
0,0.0,0.0,13.33,0.0,0.0,0,30,1,3,426430
0,3.45,0.0,21.05,0.034033,1.75,1,57,7,4,426435
0,10.16,0.0,22.99,0.0,10.16,19,187,16,8,426440
0,7.27,0.0,27.03,0.01472,7.21,8,111,8,14,426441
0,10.56,4.17,30.27,0.01648,9.73,18,185,17,21,164296
0,8.16,0.0,22.45,0.17412,8.16,4,49,4,3,426443
0,11.11,0.0,15.79,0.0198,10.53,2,19,0,1,426446
0,9.65,12.9,27.46,0.38481125,10.8,57,528,45,43,426451
0,9.4,7.69,27.16,0.036370650000000004,9.26,15,162,17,12,426453
0,11.24,0.0,27.01,0.0024,10.92,19,174,14,14,426455
0,0.0,0.0,0.0,0.0,0.0,0,13,0,0,426456
0,8.82,3.57,29.3,0.92828081,5.86,32,546,61,67,426459
0,0.0,0.0,4.76,0.0,0.0,0,21,1,0,426460
0,9.68,0.0,15.63,0.0,9.38,3,32,1,1,426461
0,7.74,6.25,23.06,0.065764,7.57,44,581,46,44,33243
0,10.5,0.0,35.08,0.2944335,9.95,57,573,72,72,426463
0,9.52,0.0,23.08,0.009504,7.69,6,78,9,3,426466
0,0.0,0.0,38.46,0.0,0.0,0,13,2,3,426470
0,9.38,12.47,28.41,1.79175574,10.71,274,2559,250,203,33254
0,22.0,10.71,41.03,0.0696015,17.95,14,78,8,10,426472
0,12.99,9.69,25.8,0.329709,12.3,134,1089,73,74,33255
0,7.69,0.0,26.19,0.00396,7.14,3,42,3,5,426474
0,5.26,0.0,36.84,0.00825,5.26,2,38,8,4,426476
0,2.86,0.0,32.86,0.0016983,2.86,2,70,12,9,426480
0,4.76,0.0,20.0,0.00384,4.55,5,110,9,8,426481
0,7.94,5.41,28.29,0.068094,7.57,19,251,24,28,426482
0,0.0,5.26,20.83,0.010116,2.08,1,48,5,4,426488
0,8.82,0.0,20.45,0.0,6.82,3,44,4,2,426489
0,10.3,12.2,29.89,0.22479338,10.97,51,465,41,47,426495
0,0.0,0.0,0.0,0.0,0.0,0,29,0,0,426502
0,2.5,0.0,5.0,0.0,2.5,1,40,0,1,426503
0,0.0,0.0,0.0,0.0,0.0,0,9,0,0,426504
0,7.69,0.0,23.93,0.0,7.69,9,117,8,11,426506
0,0.0,0.0,5.88,0.0,0.0,0,17,0,1,426513
0,19.1,9.09,36.0,0.02486,18.0,18,100,8,10,164369
0,5.56,3.45,19.82,0.0233,5.29,12,227,14,19,164371
0,7.14,6.25,27.27,0.07994935,6.82,6,88,7,11,426516
0,12.71,10.14,29.92,0.8023312,11.65,58,498,49,42,426517
0,0.0,0.0,11.76,0.00453,0.0,0,17,0,2,426518
0,10.69,0.0,20.13,0.07179452,10.69,17,159,9,6,426519
0,0.0,0.0,4.76,0.0,0.0,0,21,1,0,426520
0,5.88,0.0,11.76,0.0,5.88,1,17,0,1,164377
0,0.41,0.0,0.41,0.0,0.41,1,244,0,0,426522
0,10.71,0.0,28.57,0.037697,7.14,3,42,6,3,426523
0,4.7,0.0,22.22,0.017943,4.32,7,162,10,19,426524
0,13.79,0.0,23.68,0.00576,10.53,4,38,1,4,426525
0,5.17,0.0,20.69,0.0,5.17,3,58,4,5,164383
0,0.0,0.0,0.0,0.0,0.0,0,7,0,0,164390
0,8.08,0.0,27.03,0.003765,7.85,27,344,27,39,164394
0,0.0,0.0,8.33,0.00755,0.0,0,12,1,0,426539
0,0.0,0.0,7.69,0.0074,0.0,0,13,1,0,426540
0,5.36,0.0,26.32,0.001095,5.26,3,57,5,7,164400
0,5.71,0.0,22.86,0.0,5.71,10,175,9,21,426547
0,11.58,11.59,27.99,0.21223645,11.58,60,518,49,36,426548
0,17.24,10.0,20.41,0.07878,14.29,7,49,0,3,426550
0,5.16,0.0,15.48,0.0,5.16,8,155,9,7,164407
0,10.53,0.0,15.79,0.0,10.53,2,19,0,1,426552
0,12.09,5.0,28.83,0.086123,10.81,12,111,11,9,426553
0,1.25,0.0,11.25,0.0,1.25,1,80,6,2,426554
0,6.25,0.0,22.22,0.0,5.56,1,18,0,3,426551
0,5.71,0.0,28.21,0.0,5.13,2,39,5,4,426556
0,12.2,0.0,33.33,0.0022,11.49,10,87,9,10,164408
0,0.0,0.0,0.0,0.0,0.0,0,17,0,0,426559
0,18.48,6.0,28.13,0.187674,11.98,23,192,15,16,426562
0,10.29,0.0,27.03,0.011682,10.02,53,529,42,48,164418
0,5.56,0.0,16.67,0.0,5.56,3,54,5,1,426572
0,15.92,12.28,29.44,0.2643048,14.95,32,214,15,16,426573
0,2.83,0.0,19.34,0.0102084,2.83,6,212,15,20,426576
0,3.3,1.09,21.31,0.0710376,2.19,4,183,19,16,33361
0,3.4,5.56,22.92,0.017315,3.56,9,253,26,23,164440
0,7.14,0.0,34.52,0.01938,7.14,6,84,7,16,426584
0,6.96,0.0,29.14,0.04734,5.3,8,151,17,19,426586
0,0.0,0.0,0.0,0.0,0.0,0,18,0,0,426585
0,14.69,12.46,27.33,0.45381,13.14,62,472,40,27,33374
0,14.44,0.0,34.01,0.043943,13.85,55,397,48,32,426593
0,5.56,0.0,23.78,0.00168165,5.49,9,164,13,17,426595
0,7.04,5.92,24.75,0.28315275,6.87,76,1107,93,105,426596
0,5.56,0.0,22.11,0.01026,5.26,5,95,7,9,426599
0,12.98,14.85,30.56,1.3733233999999999,14.51,103,710,72,42,33388
0,10.42,0.0,35.71,0.0275415,10.2,10,98,12,13,426608
0,1.61,0.0,14.08,0.003726,1.41,1,71,3,6,33394
0,0.0,0.0,5.0,0.0,0.0,0,20,0,1,426613
0,3.33,0.0,16.67,0.0,3.33,1,30,1,3,426616
0,8.14,0.0,24.72,0.0018,7.87,14,178,11,19,426618
0,6.99,0.0,25.66,0.00936,6.58,10,152,15,14,426620
0,0.0,0.0,0.0,0.0,0.0,0,0,0,0,295551
0,0.0,0.0,0.0,0.0,0.0,0,16,0,0,426627
0,0.0,0.0,0.0,0.0,0.0,0,13,0,0,426632
0,16.35,0.0,47.66,0.03781042,15.89,17,107,19,15,426633
0,12.5,11.57,36.41,0.456608,11.98,26,217,23,30,426635
0,7.19,0.0,24.63,0.1006464,5.91,12,203,20,18,426638
0,12.5,0.0,21.05,0.003456,10.53,2,19,1,1,426641
0,4.8,0.0,22.75,0.00723,4.72,11,233,17,25,426645
0,0.0,0.0,0.0,0.0,0.0,0,0,0,0,295573
0,7.5,0.0,12.5,0.0,7.5,3,40,1,1,426650
0,6.6,11.92,27.71,1.84870795,9.24,161,1743,180,142,33435
0,5.56,4.76,17.33,0.0732,5.33,4,75,6,3,426652
0,7.04,0.0,18.82,0.00215895,7.01,19,271,14,18,426651
0,13.89,4.55,26.6,0.080856,11.7,11,94,7,7,426654
0,6.54,0.0,24.3,0.0,6.54,7,107,4,15,426653
0,5.62,0.0,24.91,0.020583,5.34,15,281,24,31,164514
0,0.0,0.0,0.0,0.0,0.0,0,9,0,0,164515
0,8.33,0.0,23.61,0.0,8.33,6,72,6,5,426662
0,10.54,11.11,26.07,0.023112,10.56,47,445,37,32,426666
0,0.0,0.0,3.57,0.0,0.0,0,28,0,1,426672
0,7.69,0.0,7.69,0.0,7.69,1,13,0,0,426676
0,3.09,0.0,10.31,0.0,3.09,3,97,3,4,426681
0,13.26,6.9,25.71,0.043283,12.38,26,210,11,17,426685
0,6.22,0.0,28.69,0.2478744,4.92,12,244,33,25,426688
0,10.41,5.26,26.79,0.170214,10.12,34,336,29,27,426689
0,10.2,0.0,24.07,0.00484,9.26,5,54,3,5,164550
0,0.0,0.0,14.29,0.0,0.0,0,14,1,1,426697
0,5.88,0.0,19.35,0.004488,4.84,3,62,2,7,426698
0,11.27,9.76,28.21,0.221151,11.12,97,872,75,74,164556
0,2.7,0.0,9.91,0.0178944,2.7,3,111,4,4,426700
0,0.0,0.0,0.0,0.0,0.0,0,14,0,0,426702
0,8.33,0.0,25.0,0.0,8.33,2,24,3,1,426703
0,2.56,0.0,15.38,0.0,2.56,1,39,3,2,426708
0,0.0,0.0,26.32,0.006285,0.0,0,19,2,3,426711
0,0.0,0.0,0.0,0.0,0.0,0,5,0,0,426712
0,0.0,0.0,0.0,0.0,0.0,0,7,0,0,426713
0,22.75,12.15,32.18,3.37155577,15.64,190,1215,114,87,426715
0,13.64,0.0,18.18,0.0,13.64,3,22,1,0,426717
0,10.97,0.0,27.33,0.009025,10.87,35,322,22,31,164574
0,11.02,9.71,27.64,0.1862825,10.83,76,702,71,47,33505
0,6.0,0.0,16.0,0.0127,6.0,3,50,2,3,426722
0,9.24,2.27,22.87,0.00804,8.19,24,293,25,18,164580
0,11.25,8.91,21.55,0.141626,9.94,18,181,16,5,33518
0,0.0,0.0,0.0,0.0,0.0,0,10,0,0,164592
0,0.0,0.0,7.69,0.0,0.0,0,13,1,0,426739
0,4.55,0.0,4.55,0.0,4.55,1,22,0,0,426742
0,0.0,0.0,7.14,0.0,0.0,0,14,0,1,426744
0,8.24,0.0,28.89,0.022159,7.78,14,180,13,25,426745
0,0.0,0.0,6.25,0.0,0.0,0,16,0,1,426746
0,0.0,0.0,16.67,0.0,0.0,0,18,2,1,426747
0,0.0,0.0,0.0,0.0,0.0,0,9,0,0,426752
0,0.0,0.0,0.0,0.0,0.0,0,34,0,0,426754
0,0.0,0.0,11.11,0.0026,0.0,0,18,2,0,164610
0,2.38,0.0,22.22,0.0063,2.22,1,45,7,2,426757
0,4.76,0.0,28.57,0.0,4.76,3,63,11,4,426759
0,6.45,0.0,20.97,0.0,6.45,4,62,5,4,426760
0,4.55,0.0,18.18,0.02034,4.55,1,22,0,3,426764
0,2.78,0.0,13.51,0.0,2.7,1,37,2,2,426765
0,8.44,0.0,31.43,0.04038,8.31,32,385,44,45,426766
0,11.97,11.11,25.83,0.028704,11.92,18,151,10,11,426767
0,7.14,0.0,10.71,0.0,7.14,2,28,1,0,426769
0,0.0,0.0,4.0,0.0,0.0,0,25,0,1,426770
0,0.0,0.0,0.0,0.0,0.0,0,13,0,0,426771
0,5.56,0.0,10.53,0.0008,5.26,1,19,1,0,164628
0,5.33,0.0,21.33,0.004755,5.33,8,150,11,13,426773
0,0.0,0.0,20.0,0.000475,0.0,0,30,3,3,295700
0,16.28,0.0,31.82,0.0,15.91,7,44,6,1,426776
0,7.46,0.0,24.38,0.0,7.46,15,201,22,12,426781
0,6.9,0.0,21.74,0.021224,5.8,4,69,5,6,426783
0,6.93,0.0,19.91,0.070644,6.71,30,447,28,31,426784
0,4.76,0.0,5.88,0.0026,2.94,1,34,1,0,164639
0,9.76,0.0,30.3,0.008325,9.7,16,165,15,19,426786
0,12.05,10.49,28.02,3.49107215,11.35,365,3216,275,261,33567
0,0.0,0.0,2.44,0.0,0.0,0,41,1,0,426788
0,0.0,0.0,10.0,0.00815,0.0,0,10,1,0,426789
0,0.0,0.0,20.0,0.0088,0.0,0,10,2,0,426790
0,0.0,0.0,22.22,0.0,0.0,0,9,0,2,426791
0,0.0,0.0,15.15,0.0,0.0,0,33,2,3,426792
0,10.11,0.0,24.15,0.016225,9.48,53,559,41,41,295722
0,11.64,8.12,30.24,0.59160725,10.55,67,635,61,64,426795
0,10.92,8.93,28.77,0.093948,10.53,30,285,27,25,426798
0,2.8,3.7,18.24,0.033055,2.94,5,170,12,14,33583
0,16.81,0.0,37.39,0.03847041,16.52,19,115,16,8,426811
0,2.5,0.0,20.0,0.004845000000000001,2.5,1,40,4,3,426818
0,9.09,0.0,18.18,0.0,9.09,1,11,0,1,426822
0,3.57,0.0,21.43,0.006075,3.57,1,28,3,2,426824
0,0.0,0.0,4.17,0.0,0.0,0,48,2,0,426825
0,0.0,0.0,0.0,0.0,0.0,0,16,0,0,426827
0,3.45,0.0,13.56,0.0,3.39,2,59,4,2,426829
0,0.0,0.0,9.09,0.0,0.0,0,33,2,1,426830
0,0.0,0.0,0.0,0.0,0.0,0,12,0,0,426833
0,10.91,8.51,24.27,0.175582,10.6,76,717,54,44,33617
0,0.0,0.0,5.1,0.0028512,0.0,0,98,3,2,426838
0,10.29,5.88,29.41,0.067884,8.82,9,102,12,9,426842
0,0.0,0.0,10.0,0.0,0.0,0,20,1,1,426845
0,0.0,0.0,15.38,0.0,0.0,0,13,1,1,426850
0,2.86,0.0,17.14,0.0,2.86,1,35,4,1,426852
0,9.03,0.0,29.25,0.07164,8.84,13,147,12,18,426853
0,7.64,4.71,26.26,0.28480025,7.19,40,556,52,54,33638
0,12.65,8.66,26.79,0.567375,9.95,78,784,68,64,164711
0,10.24,0.0,27.43,0.03805905,9.71,17,175,15,16,426855
0,6.0,0.0,6.0,0.0,6.0,3,50,0,0,426863
0,0.0,0.0,0.0,0.0,0.0,0,13,0,0,426864
0,0.0,0.0,0.0,0.0,0.0,0,29,0,0,426868
0,4.44,0.0,14.81,0.02379,3.7,2,54,2,4,33652
0,8.04,13.21,27.8,0.1567814,9.03,25,277,26,26,33654
0,2.56,0.0,26.19,0.0,2.38,1,42,2,8,426873
0,0.0,2.94,15.63,0.0990796,1.56,1,64,3,6,426874
0,0.0,0.0,0.0,0.0,0.0,0,9,0,0,426875
0,5.56,0.0,11.11,0.0,5.56,1,18,0,1,426877
0,3.9,0.0,8.33,0.0,3.57,3,84,2,2,164734
0,0.0,0.0,0.0,0.0,0.0,0,20,0,0,426880
0,7.69,0.0,24.27,0.0529294,7.44,23,309,25,27,426881
0,0.0,0.0,12.5,0.0,0.0,0,8,0,1,426886
0,1.96,0.0,16.67,0.0063,1.59,2,126,9,10,426887
0,6.15,3.51,23.96,1.5408957,4.46,30,672,58,73,33672
0,0.0,0.0,0.0,0.0,0.0,0,19,0,0,426894
0,12.27,0.0,31.52,0.000825,12.12,20,165,14,18,164753
0,4.15,0.0,19.62,0.0074844,3.77,10,265,24,18,426903
0,15.2,0.0,30.4,0.005219999999999999,15.2,19,125,9,10,426905
0,8.38,6.1,29.41,0.52108435,8.07,48,595,54,73,426909
0,0.0,0.0,0.0,0.0,0.0,0,19,0,0,426912
0,5.26,0.0,5.26,0.0,5.26,1,19,0,0,426916
0,4.92,0.0,19.75,0.004041,3.7,3,81,6,7,164774
0,6.25,0.0,36.11,0.050292,5.56,2,36,4,7,426919
0,0.98,0.0,22.33,0.01614,0.97,1,103,10,12,426922
0,2.7,0.0,22.32,0.017118,1.79,2,112,5,18,164779
0,6.98,0.0,20.44,0.00816,6.57,18,274,21,17,164780
0,0.0,0.0,17.65,0.0,0.0,0,17,2,1,426926
0,14.19,1.85,24.52,0.02726,12.93,68,526,32,29,164782
0,3.13,0.0,25.0,0.0,3.13,1,32,3,4,426928
0,4.76,0.0,14.29,0.0,4.76,1,21,1,1,426929
0,0.0,0.0,14.29,0.0,0.0,0,14,0,2,426932
0,6.63,0.0,20.51,0.00072,6.55,23,351,19,30,295861
0,4.55,0.0,18.18,0.0,4.55,1,22,0,3,426934
0,6.12,0.0,23.58,0.00777,6.12,27,441,43,34,295860
0,0.0,0.0,3.45,0.0,0.0,0,29,1,0,426936
0,0.0,0.0,14.29,0.0,0.0,0,21,1,2,426937
0,0.0,0.0,13.04,0.0,0.0,0,69,4,5,426939
0,0.0,0.0,20.0,0.0,0.0,0,30,3,3,426940
0,4.49,13.16,28.35,0.059938,7.09,9,127,14,13,33723
0,4.12,0.0,15.12,0.0333488,4.07,7,172,5,14,426942
0,12.24,0.0,34.69,0.0017094,12.24,6,49,5,6,426943
0,5.41,0.0,40.54,0.0717183,5.41,2,37,7,6,426944
0,15.38,0.0,25.0,0.01053,15.0,6,40,2,2,426945
0,14.78,18.18,33.33,0.0270684,15.08,19,126,15,8,426950
0,5.8,0.0,25.69,0.0083,5.56,8,144,12,17,426951
0,3.13,0.0,9.09,0.0,3.03,1,33,0,2,426953
0,4.35,1.5,23.07,0.525606,3.04,22,724,67,78,426954
0,14.29,0.0,21.43,0.0269,14.29,2,14,1,0,426956
0,0.0,0.0,0.0,0.0,0.0,0,17,0,0,426961
0,0.0,0.0,17.39,0.0,0.0,0,23,2,2,426962
0,7.54,6.67,23.43,0.258168,7.29,80,1097,88,89,33747
0,3.26,0.0,6.52,0.136535,3.26,3,92,1,2,426965
0,13.46,8.76,23.28,0.111237,10.05,19,189,13,12,33751
0,0.0,0.0,11.29,0.0,0.0,0,62,3,4,426967
0,5.13,0.0,17.95,0.0,5.13,2,39,3,2,426969
0,7.14,0.0,21.43,0.0,7.14,2,28,4,0,426968
0,0.0,0.0,0.0,0.0,0.0,0,36,0,0,426971
0,4.35,0.0,26.09,0.0,4.35,1,23,4,1,426972
0,0.0,0.0,0.0,0.0,0.0,0,8,0,0,426973
0,0.0,0.0,4.76,0.0,0.0,0,63,1,2,426974
0,16.18,13.13,28.12,4.00046505,14.61,227,1554,126,84,33759
0,9.95,5.56,24.51,0.01908,9.56,39,408,31,30,33760
0,0.0,0.0,0.0,0.0,0.0,0,14,0,0,426977
0,5.94,0.0,18.81,0.05429,5.94,6,101,9,4,426980
0,12.33,13.29,29.94,3.152705,13.08,176,1346,143,84,33764
0,8.57,0.0,26.54,0.1324728,5.56,9,162,16,18,426986
0,1.77,0.0,17.7,0.004889999999999999,1.77,2,113,9,9,426988
0,0.0,0.0,20.83,0.0,0.0,0,24,4,1,426989
0,22.64,8.42,48.18,1.35428935,16.49,77,467,81,67,426993
0,0.0,0.0,0.0,0.0,0.0,0,11,0,0,426996
0,0.0,2.02,20.26,0.4882428,1.72,4,232,17,26,426998
0,0.0,0.0,0.0,0.0,0.0,0,18,0,0,427001
0,3.45,0.0,30.58,0.0,3.31,4,121,18,15,427002
0,3.08,0.0,16.92,0.0,3.08,2,65,5,4,427006
0,0.0,0.0,5.41,0.0,0.0,0,37,0,2,427007
0,3.03,0.0,13.24,0.0,2.94,2,68,5,2,164863
0,7.74,0.0,24.05,0.016185,7.59,12,158,14,12,427009
0,0.0,0.0,25.0,0.0,0.0,0,8,2,0,427010
0,2.27,0.0,13.64,0.0089,2.27,1,44,3,2,427011
0,0.0,0.0,10.0,0.0,0.0,0,20,1,1,427013
0,0.0,0.0,0.0,0.0,0.0,0,6,0,0,427014
0,7.45,14.29,30.69,0.0461732,7.92,8,101,4,19,427016
0,0.0,0.0,0.0,0.0,0.0,0,7,0,0,427017
0,0.0,0.0,12.5,0.0,0.0,0,8,0,1,427018
0,3.03,0.0,12.12,0.0,3.03,1,33,2,1,427019
0,0.0,0.0,0.0,0.0,0.0,0,15,0,0,427021
0,0.0,0.0,0.0,0.0,0.0,0,18,0,0,427023
0,0.0,0.0,14.29,0.01638,0.0,0,14,1,1,427024
0,0.0,0.0,0.0,0.0,0.0,0,16,0,0,427026
0,0.0,0.0,0.0,0.0,0.0,0,16,0,0,427029
0,4.17,0.0,4.17,0.0,4.17,1,24,0,0,427031
0,3.61,14.29,16.67,0.016825,4.44,4,90,5,6,33816
0,0.0,0.0,21.05,0.0,0.0,0,19,2,2,427033
0,11.35,0.0,27.59,0.10892995,11.03,16,145,14,10,427034
0,3.1,0.0,17.69,0.02172,3.08,4,130,9,10,427036
0,5.41,0.0,13.51,0.0,5.41,2,37,1,2,427037
0,12.62,8.28,27.42,0.279513,10.08,25,248,22,21,33823
0,0.0,0.0,0.0,0.0,0.0,0,18,0,0,427040
0,0.0,0.0,7.14,0.005175000000000001,0.0,0,28,0,2,427041
0,3.13,0.0,11.36,0.002499,2.27,1,44,1,3,33826
0,2.65,0.0,15.49,0.014396,2.11,3,142,8,11,33824
0,5.56,0.0,11.11,0.0,5.56,6,108,2,4,427052
0,7.69,0.0,28.21,0.01743,7.69,3,39,3,5,427055
0,11.11,9.09,27.54,0.08608799999999998,10.14,7,69,7,5,33841
0,0.0,0.0,12.5,0.0,0.0,0,8,1,0,164914
0,7.84,0.0,9.8,0.06456,7.84,4,51,1,0,427057
0,0.0,0.0,0.0,0.0,0.0,0,7,0,0,427060
0,4.56,4.35,20.61,0.050447,4.55,15,330,22,31,427061
0,0.0,0.0,0.0,0.0,0.0,0,25,0,0,427058
0,0.0,0.0,7.41,0.0,0.0,0,54,2,2,427065
0,10.0,7.5,27.38,0.17659572,9.76,41,420,35,39,427067
0,4.76,0.0,9.52,0.026975,4.76,1,21,1,0,427068
0,4.82,0.0,28.92,0.00340215,4.82,4,83,7,13,427069
0,8.33,0.0,8.33,0.0,8.33,1,12,0,0,427070
0,6.41,0.0,24.4,0.00918,5.95,10,168,7,24,427071
0,0.0,0.0,10.0,0.0,0.0,0,10,0,1,427072
0,0.0,0.0,15.38,0.00201,0.0,0,13,0,2,164929
0,4.71,3.27,22.22,0.318595,4.22,19,450,38,43,427073
0,0.0,0.0,16.9,0.00228,0.0,0,71,7,5,295995
0,0.0,0.0,37.5,0.0,0.0,0,8,1,2,427078
0,6.45,0.0,33.33,0.01618,6.41,10,156,27,15,427082
0,4.0,0.0,12.0,0.00114,4.0,1,25,1,1,164940
0,1.31,0.0,7.19,0.03048,1.31,2,153,5,4,427084
0,0.0,0.0,16.67,0.0,0.0,0,24,2,2,427086
0,12.9,0.0,35.29,0.03730543,11.76,16,136,18,14,427087
0,13.43,0.0,26.47,0.0,13.24,9,68,1,8,427088
0,11.41,3.13,25.41,0.057822,9.94,18,181,17,11,427093
0,0.0,0.0,1.56,0.0,0.0,0,64,0,1,427095
0,0.0,0.0,13.79,0.04341,0.0,0,29,2,2,427102
0,0.0,0.0,0.0,0.0,0.0,0,0,0,0,33890
0,0.0,0.0,8.82,0.0,0.0,0,34,2,1,427108
0,0.0,0.0,16.67,0.0,0.0,0,12,0,2,427109
0,12.8,13.92,29.52,0.27039225,13.01,108,830,75,62,164968
0,9.73,5.47,23.37,0.98841588,7.75,64,826,75,54,427112
0,8.33,0.0,20.83,0.06456,8.33,2,24,2,1,427113
0,0.0,0.0,0.0,0.0,0.0,0,7,0,0,427116
0,0.0,0.0,12.5,0.0,0.0,0,8,0,1,427117
0,0.0,0.0,0.0,0.0,0.0,0,7,0,0,427118
0,0.0,0.0,24.14,0.0,0.0,0,29,4,3,427119
0,1.2,0.0,4.71,0.0,1.18,1,85,2,1,427122
0,0.0,0.0,0.0,0.0,0.0,0,18,0,0,427123
0,0.0,0.0,0.0,0.0,0.0,0,9,0,0,427125
0,0.0,0.0,0.0,0.0,0.0,0,15,0,0,427127
0,1.35,0.0,23.08,0.010125,1.28,1,78,4,13,427128
0,8.33,3.62,26.8,1.0833014,6.74,44,653,68,63,427129
0,7.92,2.99,24.39,0.135554,7.58,74,976,69,95,33914
0,0.0,0.0,0.0,0.0,0.0,0,0,0,0,215153
0,0.0,0.0,0.0,0.0,0.0,0,7,0,0,427134
0,0.0,0.0,11.83,0.0066,0.0,0,93,4,7,427135
0,9.29,4.55,30.86,0.053784,8.64,14,162,22,14,427138
0,11.96,20.73,29.16,1.646778,15.88,331,2085,151,126,165000
0,3.64,0.0,16.67,0.013185,3.03,2,66,6,3,427151
0,7.58,3.45,22.11,0.04158,6.32,6,95,7,8,427156
0,0.0,0.0,0.0,0.0,0.0,0,19,0,0,427160
0,8.2,0.0,20.8,0.0,8.0,10,125,9,7,427163
0,0.0,0.0,0.0,0.0,0.0,0,25,0,0,427165
0,0.0,0.0,0.0,0.0,0.0,0,8,0,0,427166
0,0.0,0.0,0.0,0.0,0.0,0,8,0,0,427167
0,7.14,0.0,14.29,0.0,7.14,1,14,1,0,427168
0,2.56,0.0,7.69,0.0,2.56,1,39,1,1,427169
0,3.85,0.0,3.85,0.0,3.85,1,26,0,0,427170
0,5.75,7.8,24.01,0.5575,6.48,75,1158,101,102,33955
0,0.0,0.0,0.0,0.0,0.0,0,10,0,0,427172
0,6.25,0.0,14.58,0.0,6.25,3,48,2,2,427173
0,10.34,5.36,25.22,0.062216,9.13,21,230,16,21,33957
0,0.0,0.0,15.79,0.0,0.0,0,38,5,1,427177
0,0.0,0.0,12.5,0.0,0.0,0,32,2,2,427178
0,12.5,0.0,21.15,0.026975,11.54,6,52,4,1,427179
0,9.46,14.98,31.91,2.25394041,11.43,177,1548,152,165,427183
0,22.73,0.0,31.82,0.0,22.73,5,22,0,2,427186
0,0.0,0.0,6.25,0.0,0.0,0,16,1,0,427187
0,11.54,0.0,34.62,0.0,11.54,3,26,4,2,427189
0,0.0,0.0,0.0,0.0,0.0,0,1,0,0,427190
0,12.0,0.0,22.88,0.00168,11.76,18,153,9,8,427197
0,0.0,0.0,4.76,0.0,0.0,0,21,1,0,427199
0,9.48,6.67,25.19,0.02655905,9.16,12,131,12,9,427204
0,2.69,0.0,20.38,0.0,2.69,7,260,17,29,427206
0,0.0,0.0,0.0,0.0,0.0,0,7,0,0,427211
0,12.99,0.0,18.52,0.0747402,12.35,10,81,3,2,427212
0,11.94,0.0,26.03,0.005928,10.96,8,73,8,3,296143
0,12.5,0.0,27.5,0.00217005,12.5,5,40,4,2,427215
0,2.5,0.0,5.0,0.0,2.5,1,40,1,0,427218
0,4.55,0.0,8.7,0.0,4.35,1,23,1,0,296148
0,6.81,0.0,22.51,0.00513,6.81,13,191,14,16,427224
0,12.31,0.0,27.69,0.0,12.31,8,65,5,5,427225
0,0.0,0.0,8.33,0.001385,0.0,0,24,1,1,34008
0,0.0,7.14,9.68,0.010357,3.23,1,31,1,1,34016
0,7.41,0.0,29.09,0.01638,7.27,4,55,5,7,427232
0,6.06,0.0,28.91,0.02109935,5.69,12,211,22,27,427234
0,5.36,0.0,13.39,0.07407,5.36,6,112,2,7,427235
0,6.72,0.0,20.97,0.0016983,6.45,8,124,5,13,427236
0,5.96,6.25,24.3,0.05539635,5.98,15,251,21,25,427237
0,1.61,0.0,17.74,0.0,1.61,1,62,6,4,427239
0,0.0,0.0,0.0,0.0,0.0,0,7,0,0,427245
0,3.03,0.0,22.16,0.0082,2.99,5,167,12,20,427251
0,4.07,0.0,18.12,0.001385,3.99,11,276,11,28,165107
0,5.0,0.0,22.5,0.0,5.0,2,40,5,2,427253
0,7.75,0.0,21.11,0.0849911,7.61,22,289,21,18,427254
0,0.0,0.0,13.64,0.0127,0.0,0,22,2,1,427255
0,7.07,12.5,21.5,0.020745,7.48,8,107,5,10,427256
0,2.68,0.0,18.75,0.00051,2.68,6,224,13,23,165109
0,1.56,0.0,10.94,0.0,1.56,1,64,4,2,427258
0,3.68,0.0,17.65,0.017895,3.64,13,357,22,28,34046
0,15.38,0.0,20.0,0.0132,13.33,4,30,2,0,427263
0,1.25,0.0,25.88,0.00432,1.18,1,85,13,8,427267
0,1.32,0.0,14.2,0.00456,1.18,2,169,9,13,165126
0,12.65,8.35,27.43,1.10606696,10.25,77,751,72,57,427271
0,11.54,0.0,18.52,0.02244,11.11,3,27,2,0,427273
0,11.86,8.86,24.39,0.255798,10.96,58,529,47,24,427274
0,0.0,0.0,15.79,0.0,0.0,0,57,3,6,427276
0,3.05,0.0,19.86,0.028385,2.84,4,141,8,16,427279
0,12.75,17.75,32.84,29.146250350000003,15.15,672,4437,455,330,34070
0,8.41,0.0,19.09,0.012725,8.18,9,110,6,6,427287
0,2.44,0.0,22.62,0.0,2.38,2,84,6,11,427292
0,9.38,0.0,23.23,0.0712983,9.09,9,99,6,8,427293
0,0.0,0.0,7.14,0.0,0.0,0,14,0,1,427294
0,14.57,12.96,27.7,1.338128,13.81,157,1137,93,65,34080
0,6.38,0.0,24.64,0.033478,4.35,3,69,8,6,34086
0,0.0,0.0,16.67,0.0,0.0,0,12,0,2,427307
0,6.81,0.0,23.36,0.048998,6.19,35,565,55,42,165163
0,9.57,0.0,22.41,0.0258,7.76,9,116,5,12,427311
0,3.61,0.0,18.07,0.0,3.61,3,83,4,8,427313
0,6.52,0.0,15.05,0.0,6.45,6,93,3,5,427314
0,9.65,0.0,27.19,0.0,9.65,11,114,9,11,427315
0,1.56,0.0,10.45,0.0,1.49,1,67,4,2,165170
0,0.0,0.0,21.88,0.004920000000000001,0.0,0,32,3,4,427317
0,7.63,0.0,24.06,0.0,7.52,10,133,11,11,165175
0,10.81,0.0,37.84,0.02884215,10.81,16,148,17,23,427321
0,0.0,0.0,9.09,0.0,0.0,0,22,1,1,427323
0,0.0,0.0,4.35,0.0,0.0,0,23,0,1,427324
0,0.0,0.0,3.7,0.0,0.0,0,54,2,0,427325
0,0.0,0.0,4.55,0.0,0.0,0,22,1,0,427326
0,4.18,11.28,17.69,0.43235405,5.52,78,1413,82,90,34109
0,0.0,0.0,6.25,0.0,0.0,0,32,1,1,427328
0,5.87,0.0,24.25,0.01539,5.6,30,536,47,53,34112
0,4.55,0.0,22.73,0.002625,4.55,1,22,0,4,296257
0,12.77,0.0,29.79,0.0219561,12.77,12,94,7,9,427335
0,18.05,11.37,31.4,0.4760488,13.95,48,344,35,25,34121
0,5.71,0.0,13.92,0.0057,5.06,4,79,4,3,34124
0,0.0,0.0,0.0,0.0,0.0,0,30,0,0,165199
0,3.67,0.0,19.27,0.0,3.67,4,109,7,10,165200
0,2.08,7.69,18.03,0.0054,3.28,2,61,3,6,165204
0,3.85,0.0,19.23,0.0,3.85,1,26,3,1,427349
0,2.45,0.0,28.05,0.0,2.44,4,164,16,26,427350
0,3.5,0.0,24.93,0.028862,3.36,12,357,26,51,34133
0,10.0,0.0,30.0,0.0,10.0,1,10,1,1,427352
0,9.76,0.0,38.1,0.0,9.52,4,42,4,8,427353
0,13.79,0.0,29.6,0.018366,12.8,16,125,10,11,427354
0,9.84,0.0,27.34,0.03196987,9.38,24,256,33,13,427356
0,1.79,25.0,19.37,0.00753,2.11,6,284,25,24,165216
0,7.03,0.0,29.69,0.0,7.03,9,128,11,18,427360
0,5.26,0.0,11.84,0.0,5.26,4,76,2,3,427363
0,6.67,0.0,23.19,0.00228,5.8,4,69,4,8,427371
0,0.0,0.0,2.47,0.0,0.0,0,162,1,3,427373
0,19.81,3.45,28.72,0.03021,17.29,65,376,21,22,165229
0,2.38,0.0,2.38,0.0,2.38,1,42,0,0,427375
0,0.0,0.0,0.0,0.0,0.0,0,15,0,0,165234
0,0.0,0.0,0.0,0.0,0.0,0,20,0,0,165235
0,0.0,0.0,8.82,0.0,0.0,0,34,0,3,427380
0,3.13,0.0,12.5,0.0,3.13,2,64,2,4,427381
0,6.25,0.0,23.93,0.00396,5.98,7,117,15,6,34167
0,10.83,0.0,26.07,0.11483000000000002,10.68,77,721,60,51,165240
0,4.55,0.0,20.45,0.0,4.55,2,44,3,4,427388
0,10.56,0.0,23.24,0.04872,9.19,17,185,13,13,427391
0,14.89,8.89,29.5,0.0693228,12.95,18,139,10,13,165248
0,8.08,16.44,32.65,2.31894075,12.95,184,1421,153,127,427392
0,6.09,9.76,21.79,0.048204,7.05,11,156,12,11,165250
0,10.07,0.0,27.59,0.086925,9.66,14,145,14,12,427394
0,13.21,2.33,27.24,0.024024,11.76,38,323,23,27,165252
0,4.69,0.0,20.41,0.0103,4.08,6,147,11,13,165255
0,7.14,0.0,34.48,0.0025,6.9,2,29,6,2,165256
0,1.12,0.0,15.56,0.001485,1.11,1,90,5,8,165257
0,2.78,0.0,12.4,0.01035,2.71,7,258,11,14,427404
0,3.13,0.0,10.94,0.0,3.13,2,64,3,2,427422
0,10.97,11.3,28.77,0.92489403,11.02,136,1234,124,95,165283
0,0.0,0.0,4.17,0.0,0.0,0,24,0,1,427427
0,0.0,0.0,15.38,0.0,0.0,0,13,0,2,165287
0,7.95,0.0,21.82,0.02054,7.27,12,165,9,15,427433
0,0.0,0.0,0.0,0.0,0.0,0,5,0,0,34220
0,8.51,0.0,17.02,0.0,8.51,4,47,1,3,34221
0,15.54,15.6,31.88,1.8622446,15.57,229,1471,131,109,165294
0,4.55,0.0,31.82,0.02891,4.55,1,22,2,4,427438
0,0.0,0.0,8.33,0.0,0.0,0,12,1,0,427447
0,6.74,12.0,24.56,0.0246384,7.89,18,228,16,22,165312
0,28.57,0.0,42.86,0.00594,28.57,2,7,1,0,165313
0,6.96,7.14,23.26,0.010205999999999996,6.98,12,172,15,13,34245
0,8.42,8.33,24.35,0.01470435,8.42,65,772,73,50,165319
0,0.0,0.0,11.76,0.006675,0.0,0,17,1,1,427468
0,0.0,0.0,14.63,0.0073,0.0,0,41,2,4,427469
0,7.62,0.0,24.82,0.00528,7.55,42,556,49,47,165325
0,0.0,0.0,0.0,0.0,0.0,0,16,0,0,427471
0,3.85,0.0,11.54,0.0083,3.85,1,26,2,0,427476
0,1.69,0.0,4.48,0.0028512,1.49,1,67,1,1,34263
0,0.0,0.0,13.33,0.0,0.0,0,15,0,2,427482
0,14.26,15.56,31.33,2.06935033,14.68,290,1976,187,142,34268
0,0.0,0.0,0.0,0.0,0.0,0,17,0,0,427484
0,6.63,0.0,20.56,0.00824,6.07,13,214,18,13,165342
0,0.0,0.0,9.09,0.0,0.0,0,33,2,1,427489
0,4.42,0.0,27.43,0.03275,4.42,5,113,12,14,427495
0,12.68,1.85,29.6,0.0794446,8.0,10,125,11,16,427505
0,0.0,0.0,5.41,0.016185,0.0,0,37,1,1,427506
0,4.35,0.0,28.42,0.003735,4.21,4,95,9,14,165363
0,0.0,0.0,0.0,0.0,0.0,0,32,0,0,427508
0,3.64,0.0,16.28,0.0361984,2.33,2,86,5,7,427509
0,8.33,0.0,24.71,0.004889999999999999,8.24,7,85,5,9,427510
0,3.3,0.0,11.61,0.0859924,2.68,3,112,6,4,427515
0,0.0,0.0,11.32,0.00375,0.0,0,53,4,2,34301
0,0.0,0.0,22.22,0.004889999999999999,0.0,0,9,1,1,427517
0,4.11,6.67,26.7,0.14278535,4.98,11,221,24,24,34303
0,0.0,0.0,0.0,0.0,0.0,0,57,0,0,427520
0,3.85,0.0,15.38,0.0,3.85,1,26,2,1,427521
0,0.0,0.0,7.14,0.0,0.0,0,14,1,0,427522
0,5.88,0.0,17.65,0.05429,5.88,2,34,2,2,427523
0,0.0,0.0,0.0,0.0,0.0,0,4,0,0,427524
0,0.0,0.0,15.38,0.00228,0.0,0,26,1,3,165379
0,4.55,0.0,4.55,0.0,4.55,2,44,0,0,427526
0,15.0,0.0,30.0,0.00762,15.0,3,20,2,1,427528
0,0.0,0.0,0.0,0.0,0.0,0,6,0,0,427529
0,9.57,0.0,26.05,0.0074,9.24,11,119,13,7,165386
0,0.0,0.0,0.0,0.0,0.0,0,36,0,0,427533
0,8.0,0.0,17.86,0.0072576,7.14,4,56,2,4,427534
0,0.0,0.0,12.9,0.0,0.0,0,31,1,3,427535
0,12.58,10.56,29.05,0.303064,11.83,57,482,45,38,165399
0,2.56,0.0,17.95,0.0,2.56,1,39,4,2,427543
0,0.0,0.0,4.76,0.0,0.0,0,21,0,1,427545
0,2.99,0.0,20.42,0.0144266,2.82,4,142,11,14,34339
0,8.57,0.0,30.49,0.07161,7.32,6,82,7,12,427555
0,5.14,0.0,25.84,0.030695,5.06,9,178,16,21,427557
0,11.8,0.0,31.95,0.03730835,11.24,19,169,19,16,427558
0,7.14,7.69,23.74,0.00954,7.19,10,139,11,12,165413
0,10.13,0.0,19.65,0.01104,9.25,16,173,7,11,165417
0,9.13,0.0,26.54,0.0,9.0,19,211,23,14,427562
0,5.62,0.0,19.43,0.2610876,2.86,5,175,13,16,427565
0,0.0,0.0,0.0,0.0,0.0,0,22,0,0,427569
0,0.0,0.0,3.03,0.0,0.0,0,33,0,1,427573
0,8.57,0.0,25.0,0.003645,8.57,12,140,8,15,165435
0,3.28,0.0,27.13,0.002445,3.19,6,188,21,24,165436
0,2.5,0.0,9.76,0.0,2.44,1,41,0,3,34365
0,7.02,0.0,17.91,0.02172,5.97,4,67,4,4,427581
0,3.45,0.0,13.33,0.00068,3.33,1,30,2,1,34368
0,14.58,8.33,31.82,0.1476492,12.88,17,132,14,11,427585
0,10.3,7.53,25.87,0.152868,10.03,95,947,86,64,34372
0,4.55,0.0,9.09,0.0,4.55,1,22,1,0,427588
0,0.0,0.0,22.58,0.004935,0.0,0,31,6,1,427591
0,9.22,14.29,31.08,0.010109,9.46,14,148,20,12,165449
0,6.56,25.0,20.91,0.01656,6.84,18,263,18,19,427594
0,5.63,0.0,27.23,0.01142,5.63,12,213,16,30,165451
0,5.41,0.0,17.65,0.006205,5.23,8,153,9,10,34380
0,6.17,0.0,26.81,0.01404,5.96,14,235,25,24,427601
0,14.55,0.0,43.86,0.0,14.04,8,57,9,8,427602
0,8.89,13.16,32.35,0.0855382,11.27,23,204,27,16,427607
0,13.51,0.0,22.67,0.0,13.33,10,75,5,2,427608
0,14.04,14.29,31.25,0.073275,14.06,9,64,5,6,427609
0,0.0,0.0,0.0,0.0,0.0,0,28,0,0,427610
0,12.2,14.29,35.42,0.02904,12.5,6,48,6,5,427611
0,5.8,33.33,29.17,0.01656,6.94,5,72,5,11,427612
0,0.0,0.0,0.0,0.0,0.0,0,20,0,0,427613
0,7.98,7.3,26.04,0.6611765,7.59,42,553,55,47,427614
0,10.87,0.0,26.8,0.004845000000000001,10.31,10,97,6,10,427615
0,12.5,0.0,36.25,0.0114,11.25,9,80,11,9,165474
0,13.21,0.0,27.27,0.0,12.73,7,55,6,2,427620
0,7.14,0.0,29.88,0.022353,6.64,16,241,29,27,427621
0,4.76,0.0,26.47,0.01554,2.94,1,34,2,6,427624
0,0.0,0.0,0.0,0.0,0.0,0,18,0,0,427626
0,3.03,0.0,8.82,0.00192,2.94,1,34,1,1,427627
0,14.93,0.0,33.33,0.01351065,13.89,10,72,5,9,427628
0,14.37,0.0,33.73,0.033392,13.86,23,166,15,18,427629
0,6.22,0.0,27.49,0.00384,6.16,13,211,21,24,165487
0,15.05,7.14,34.58,0.03468,14.02,15,107,7,15,165488
0,9.52,0.0,36.18,0.015072,9.21,14,152,22,19,427633
0,11.69,0.0,29.73,0.037656,9.73,18,185,19,18,165489
0,8.9,7.69,32.08,0.045663,8.81,14,159,18,19,427635
0,0.0,0.0,6.12,0.0,0.0,0,49,0,3,427636
0,6.63,3.7,23.32,0.0430602,6.28,14,223,20,18,427637
0,18.75,0.0,28.13,0.0,18.75,6,32,1,2,427634
0,0.0,0.0,0.0,0.0,0.0,0,22,0,0,427641
0,1.49,0.0,14.63,0.0,1.22,1,82,8,3,165497
0,0.0,0.0,4.35,0.0,0.0,0,23,1,0,34427
0,8.94,5.26,25.35,0.026472,8.45,12,142,11,13,165502
0,0.0,0.0,3.7,0.0,0.0,0,27,1,0,427646
0,11.11,0.0,23.13,0.0723,10.88,16,147,12,6,427651
0,3.7,0.0,7.14,0.004995000000000001,3.57,1,28,0,1,427653
0,3.13,0.0,6.25,0.0,3.13,1,32,1,0,427654
0,10.0,0.0,23.75,0.01302,5.0,4,80,11,4,165515
0,0.0,0.0,5.56,0.008075,0.0,0,18,1,0,427661
0,0.0,0.0,20.0,0.0,0.0,0,10,1,1,427663
0,11.39,3.45,22.99,0.0544699,10.16,19,187,12,12,427664
0,3.23,0.0,20.41,0.002775,3.06,3,98,7,10,165521
0,3.28,0.0,14.75,0.0,3.28,2,61,3,4,427666
0,4.18,0.0,23.19,0.02985,4.17,30,720,59,78,165525
0,7.69,4.17,15.79,0.00592,6.58,5,76,5,2,165528
0,4.88,0.0,28.57,0.0,4.76,2,42,4,6,427674
0,12.5,0.0,43.75,0.0,12.5,2,16,2,3,427676
0,0.0,0.0,0.0,0.0,0.0,0,14,0,0,427678
0,8.77,0.0,21.05,0.0,8.77,5,57,5,2,427681
0,8.57,0.0,27.03,0.0084,8.11,3,37,3,4,34465
0,11.54,9.76,34.5,0.1016548,11.11,19,171,21,19,165539
0,5.8,0.0,14.49,0.00762,5.8,4,69,3,3,427684
0,10.47,0.0,35.92,0.026805,8.74,9,103,14,14,165541
0,14.81,0.0,32.76,0.0,13.79,8,58,4,7,165540
0,8.7,0.0,19.23,0.0,7.69,6,78,7,2,427692
0,1.83,0.0,11.3,0.001944,1.69,3,177,6,11,34476
0,5.28,1.75,23.85,0.038215,4.82,21,436,32,51,34496
0,14.38,11.97,34.1,1.810848,12.64,66,522,47,65,427719
0,8.13,7.14,27.01,0.01366,8.05,14,174,14,19,165577
0,23.85,15.21,36.26,1.57504802,18.86,116,615,57,50,427725
0,4.35,0.0,20.83,0.0,4.17,1,24,4,0,427727
0,9.07,2.7,26.64,0.02732,8.63,46,533,53,43,165584
0,5.0,0.0,27.36,0.00974,4.72,5,106,12,12,165587
0,14.81,5.95,26.02,0.137856,11.79,29,246,17,18,427739
0,5.97,0.0,26.43,0.007555,5.71,8,140,21,8,165597
0,9.09,2.0,38.94,0.0910087,7.52,17,226,32,39,427744
0,6.5,0.0,29.39,0.0178718,6.08,18,296,29,40,427752
0,12.68,14.98,26.73,1.2118414,13.63,231,1695,124,98,165609
0,3.85,0.0,9.62,0.0,3.85,2,52,2,1,427754
0,6.17,0.0,31.71,0.0,6.1,5,82,13,8,427759
0,0.0,0.0,16.67,0.0,0.0,0,12,1,1,427760
0,12.5,0.0,27.08,0.0,12.5,6,48,4,3,427766
0,3.57,5.41,17.65,0.1584588,4.9,5,102,8,5,427774
0,16.33,11.67,30.38,0.224709,14.56,23,158,12,13,427776
0,0.0,3.7,20.0,0.018036,1.82,1,55,4,6,34561
0,13.91,13.58,29.31,1.1537237,13.72,132,962,91,59,34563
0,13.54,5.56,23.57,1.190088,7.38,31,420,32,36,427779
0,8.89,0.0,27.08,0.00264,8.33,4,48,7,2,427781
0,4.86,0.0,25.0,0.0,4.73,7,148,14,16,427780
0,6.84,0.0,19.01,0.00414,6.61,8,121,10,5,427785
0,11.54,3.7,29.89,0.060727,9.24,17,184,17,21,165644
0,11.73,7.79,29.27,0.867551,9.2,83,902,95,86,34573
0,4.38,0.0,27.95,0.0,4.35,7,161,16,22,427790
0,4.74,0.0,23.56,0.021085,4.44,30,675,57,72,165650
0,0.0,0.0,14.29,0.0,0.0,0,7,0,1,427795
0,9.67,2.86,25.97,0.04133,8.96,30,335,24,33,165652
0,8.02,0.0,25.51,0.015005,8.02,39,486,47,38,165653
0,13.18,8.98,30.37,1.5709288,11.86,155,1307,134,108,165655
0,16.11,9.3,32.28,0.13795914,14.96,38,254,22,22,427801
0,11.48,6.85,32.84,0.078405,8.96,12,134,16,16,165659
0,0.0,0.0,6.25,0.0,0.0,0,16,1,0,427804
0,0.0,0.0,7.14,0.0,0.0,0,14,1,0,427805
0,0.0,0.0,7.69,0.0,0.0,0,13,0,1,427808
0,2.56,0.0,20.0,0.00906,2.22,2,90,7,9,34595
0,6.06,0.0,22.54,0.01151,5.63,4,71,7,5,427812
0,2.22,0.0,15.56,0.0,2.22,1,45,4,2,427819
0,6.06,0.0,18.18,0.0,6.06,4,66,4,4,427823
0,2.27,0.0,9.09,0.0,2.27,1,44,1,2,427826
0,7.43,7.27,25.88,2.36250145,7.36,105,1426,129,135,34615
0,15.63,8.33,34.34,0.046225,15.4,61,396,42,33,427832
0,8.51,0.0,20.0,0.009835,8.0,4,50,4,2,34616
0,6.98,4.44,26.91,0.2714157,4.93,11,223,21,28,34618
0,4.55,33.33,24.0,0.02151,8.0,2,25,1,3,427835
0,10.0,0.0,22.62,0.001445,9.52,8,84,4,7,165709
0,9.77,0.0,31.67,0.253105,7.69,17,221,28,25,427859
0,0.0,0.0,19.05,0.0,0.0,0,21,1,3,427863
0,10.09,8.45,29.16,1.31952345,9.55,207,2167,223,202,34652
0,0.0,50.0,19.23,0.02016,3.85,1,26,1,3,427871
0,0.0,0.0,10.91,0.007175,0.0,0,55,4,2,34656
0,2.86,0.0,35.14,0.02601,2.7,1,37,5,7,427873
0,17.09,10.53,31.23,0.04293,16.6,42,253,22,15,165730
0,0.0,8.33,19.23,0.024138,7.69,2,26,1,2,34658
0,3.49,7.69,24.88,0.00828,3.62,15,414,37,51,165732
0,10.54,2.56,28.03,0.11828738,9.7,36,371,38,30,427877
0,17.83,8.33,27.98,0.080064,16.06,31,193,14,9,427880
0,4.88,6.67,15.46,0.02664,5.15,5,97,3,7,427883
0,16.28,0.0,32.2,0.055356,11.86,7,59,4,8,427885
0,2.56,0.0,19.75,0.00168,2.55,8,314,22,32,427887
0,8.23,0.0,25.5,0.0,8.23,83,1008,78,96,427889
0,5.36,0.0,37.5,0.002015,5.36,3,56,6,12,165750
0,7.41,0.0,17.59,0.0,7.41,8,108,4,7,427896
0,2.11,0.0,17.89,0.0,2.11,2,95,5,10,427899
0,0.0,0.0,2.94,0.0,0.0,0,34,1,0,427900
0,5.66,0.0,16.98,0.0,5.66,3,53,3,3,427901
0,0.0,0.0,9.38,0.0,0.0,0,32,2,1,427903
0,8.31,15.39,32.85,1.044244,12.25,176,1437,152,144,427905
0,5.15,8.59,28.88,1.19482024,6.4,45,703,72,86,427908
0,5.47,12.34,29.71,4.085015,8.79,140,1592,170,163,427909
0,0.0,0.0,7.69,0.0,0.0,0,13,0,1,427910
0,9.42,0.0,29.17,0.013055,9.03,13,144,17,12,427911
0,7.32,3.7,27.06,0.0802824,6.42,14,218,18,27,427912
0,0.0,0.0,22.73,0.0,0.0,0,44,5,5,427913
0,8.49,3.23,27.81,0.0391656,7.95,24,302,21,39,427914
0,2.87,0.0,27.75,0.00531,2.87,6,209,21,31,427915
0,0.0,0.0,28.57,0.0,0.0,0,7,2,0,427917
0,6.79,0.0,27.3,0.022515,6.48,19,293,25,36,427918
0,6.47,0.0,23.81,0.015945,6.19,13,210,11,26,427919
0,2.56,0.0,20.51,0.0,2.56,2,78,7,7,427920
0,2.01,0.0,16.5,0.004752,1.98,6,303,20,24,34702
0,4.17,0.0,23.08,0.00118,3.85,2,52,6,4,165775
0,0.0,0.0,0.0,0.0,0.0,0,11,0,0,427923
0,14.19,5.19,28.4,0.05892,12.84,66,514,43,37,165779
0,10.06,13.64,25.37,0.01692,10.45,21,201,14,16,165782
0,8.74,0.0,20.39,0.0,8.74,9,103,7,5,427927
0,5.33,0.0,16.0,0.004845000000000001,5.33,4,75,2,6,427929
0,0.0,0.0,4.76,0.0,0.0,0,21,0,1,34714
0,3.8,0.0,19.17,0.00396,3.63,7,193,9,21,165791
0,9.91,11.08,27.64,0.387288,10.79,48,445,40,35,34724
0,12.19,6.7,26.07,0.38787819,11.28,132,1170,87,86,165799
0,7.69,0.0,15.38,0.02112,7.69,2,26,2,0,427944
0,16.3,12.42,31.6,0.336986,14.24,41,288,28,22,427945
0,6.29,0.0,24.43,0.04105605,5.97,21,352,29,36,427951
0,2.63,0.0,22.5,0.004814999999999999,2.5,1,40,4,4,427958
0,7.2,0.0,22.48,0.0,6.98,9,129,10,10,427959
0,8.26,13.82,31.88,1.81034452,10.45,98,938,111,90,427960
0,7.89,0.0,32.8,0.030684,7.2,9,125,11,21,427961
0,10.29,0.0,30.48,0.0072,9.63,18,187,23,16,427962
0,7.88,9.67,27.97,0.83513225,8.92,51,572,51,58,427963
0,8.22,12.6,27.18,1.72224275,10.18,112,1100,98,89,427964
0,7.94,0.0,20.31,0.01299,7.81,5,64,4,4,427965
0,6.78,10.42,22.54,0.195182,7.39,21,284,20,23,427967
0,4.23,0.0,12.5,0.0,4.17,3,72,4,2,165823
0,0.0,0.0,5.0,0.0,0.0,0,20,1,0,427969
0,6.9,0.0,19.35,0.00348,6.45,4,62,5,3,427972
0,12.0,0.0,60.0,0.06138,12.0,3,25,6,6,427973
0,19.8,6.3,43.37,2.22344824,14.7,142,966,144,133,427974
0,10.39,4.71,41.94,0.2304766,9.24,39,422,63,75,427975
0,9.77,0.0,23.03,0.0078,8.55,13,152,10,12,165832
0,8.64,0.0,22.52,0.01944,8.56,19,222,20,11,427976
0,6.25,8.47,19.18,0.062742,6.85,15,219,11,16,34763
0,7.03,0.0,20.0,0.0,6.92,9,130,6,11,427979
0,3.05,0.0,23.62,0.0,3.02,6,199,17,24,165840
0,8.17,8.33,23.79,0.0236088,8.18,32,391,25,36,165841
0,10.53,0.0,36.84,0.01063115,10.53,4,38,5,5,427986
0,9.09,0.0,21.74,0.0,8.7,4,46,4,2,427985
0,15.58,0.0,31.17,0.019705,15.58,12,77,7,5,427989
0,15.5,10.29,26.29,0.30645675,15.26,224,1468,86,76,165850
0,11.82,0.0,26.67,0.008568,11.43,24,210,19,13,427995
0,0.0,0.0,0.0,0.0,0.0,0,8,0,0,427996
0,12.88,15.84,29.48,4.39620276,14.19,399,2812,238,192,165855
0,2.13,0.0,21.28,0.0,2.13,1,47,5,4,428006
0,6.67,0.0,13.33,0.0025,6.67,1,15,1,0,165867
0,6.52,8.33,22.12,0.021996,6.73,7,104,6,10,428016
0,9.43,0.0,29.63,0.0,9.26,5,54,4,7,428017
0,6.67,0.0,39.13,0.05494,6.52,3,46,6,9,428019
0,7.75,0.0,25.84,0.00220335,7.66,32,418,34,42,428020
0,0.0,0.0,0.0,0.0,0.0,0,15,0,0,428028
0,0.0,0.0,6.25,0.0,0.0,0,32,0,2,428032
0,0.0,0.0,0.0,0.0,0.0,0,6,0,0,428035
0,0.0,0.0,16.67,0.0,0.0,0,18,1,2,428038
0,8.59,6.25,25.7,0.026532,8.38,15,179,16,15,428040
0,5.0,0.0,25.62,0.0,5.0,8,160,15,18,428041
0,8.51,0.0,27.08,0.00414,8.33,8,96,4,14,428043
0,1.49,17.2,10.58,0.3959098,2.69,55,2042,73,88,165900
0,2.7,0.0,8.11,0.0,2.7,1,37,2,0,428045
0,9.48,7.94,33.23,0.25387875,8.9,30,337,43,39,428046
0,7.69,0.0,31.48,0.00764,5.56,3,54,8,6,165902
0,2.99,0.0,22.54,0.0,2.82,2,71,4,10,428048
0,2.78,0.0,15.38,0.0,2.56,1,39,2,3,428044
0,6.02,0.0,24.63,0.0,5.97,8,134,9,16,428051
0,0.0,0.0,0.0,0.0,0.0,0,34,0,0,165908
0,2.26,0.0,21.47,0.0,2.26,4,177,7,27,428053
0,5.84,0.0,23.38,0.0,5.84,9,154,11,16,428054
0,1.92,0.0,19.23,0.0,1.92,1,52,4,5,428055
0,7.07,0.0,19.57,0.0,6.97,26,373,19,28,428056
0,3.23,0.0,23.88,0.0073008,2.99,4,134,13,15,428057
0,6.62,0.0,24.37,0.003225,6.61,29,439,46,32,428058
0,8.33,0.0,37.5,0.003225,8.33,2,24,3,4,428059
0,3.1,0.0,16.3,0.0,3.08,7,227,18,12,165914
0,0.0,0.0,14.81,0.0,0.0,0,27,2,2,428061
0,4.65,0.0,20.59,0.0092328,3.92,4,102,11,6,428062
0,5.39,0.0,23.64,0.054311399999999996,4.73,13,275,24,28,296990
0,4.76,0.0,28.57,0.0,4.76,1,21,2,3,428064
0,7.32,6.06,23.25,0.06655099999999999,7.22,32,443,35,36,34849
0,0.0,0.0,7.69,0.0,0.0,0,39,2,1,428066
0,0.0,0.0,0.0,0.0,0.0,0,18,0,0,428065
0,0.0,0.0,16.67,0.004920000000000001,0.0,0,12,0,2,428067
0,12.6,17.02,32.97,7.4568129999999995,15.44,340,2202,219,167,34853
0,9.63,0.0,24.29,0.01249,8.57,18,210,14,19,165932
0,14.08,7.69,25.18,0.004824,13.88,59,425,24,24,165934
0,0.0,0.0,7.14,0.0,0.0,0,14,0,1,428078
0,9.57,8.33,25.54,0.148618,9.44,44,466,39,36,428080
0,5.5,20.0,20.98,0.0071604,5.85,12,205,11,20,428082
0,5.8,0.0,31.58,0.01368,5.26,4,76,11,9,428087
0,6.87,0.0,24.03,0.039735,6.87,32,466,36,44,428089
0,7.04,0.0,18.75,0.000285,6.25,5,80,6,4,165949
0,0.0,0.0,0.0,0.0,0.0,0,0,0,0,428095
0,14.23,3.23,27.56,0.05427,13.14,41,312,24,21,428097
0,7.59,20.0,25.86,0.11101575,7.79,25,321,15,43,428098
0,5.3,0.0,22.06,0.015661,5.15,7,136,12,11,34883
0,0.0,0.0,13.64,0.0,0.0,0,22,2,1,428100
0,2.52,6.67,16.37,0.1732,2.62,16,611,31,53,428103
0,4.39,0.0,19.39,0.11448,4.24,21,495,36,39,428104
0,0.0,0.0,4.35,0.00492,0.0,0,23,0,1,428108
0,6.58,0.0,25.64,0.0018,6.41,5,78,3,12,428111
0,6.06,0.0,24.24,0.0,6.06,2,33,2,4,428112
0,4.1,4.76,20.25,0.0410718,4.13,20,484,30,48,34898
0,3.41,0.0,25.84,0.0,3.37,3,89,7,13,428116
0,9.84,0.0,37.4,0.11144235,9.16,12,131,12,25,428118
0,7.35,0.0,23.53,0.008325,7.35,15,204,17,16,428119
0,3.96,0.0,25.74,0.0,3.96,4,101,7,15,428120
0,0.0,2.33,21.74,0.018965,2.17,1,46,5,4,165975
0,7.69,0.0,23.08,0.011496,6.59,6,91,9,6,428122
0,13.8,12.3,28.05,2.753571,12.97,222,1711,148,110,165979
0,5.19,0.0,16.88,0.0,5.19,4,77,3,6,165980
0,8.33,0.0,22.01,0.00168,8.13,17,209,15,14,428125
0,13.02,9.03,28.22,1.75502385,10.81,210,1942,193,145,34909
0,6.9,0.0,17.24,0.0,6.9,6,87,5,4,428128
0,3.67,0.0,34.21,0.0191571,3.51,4,114,16,19,428133
0,3.85,0.0,11.32,0.0,3.77,2,53,2,2,297061
0,4.17,0.0,20.83,0.008075,4.17,1,24,3,1,428134
0,4.92,0.0,26.09,0.001305,4.89,18,368,37,41,165991
0,4.42,0.0,21.24,0.00555,4.42,5,113,9,10,428138
0,4.44,0.0,21.11,0.0,4.44,8,180,11,19,428141
0,0.0,0.0,16.13,0.0,0.0,0,31,2,3,428144
0,4.69,50.0,15.15,0.00504,6.06,4,66,3,3,166001
0,15.92,6.34,25.8,0.16959995,13.2,66,500,32,31,166005
0,9.09,0.0,27.27,0.0015,9.09,1,11,0,2,166006
0,3.8,5.26,23.64,0.057687,4.0,22,550,44,64,34937
0,12.5,0.0,17.24,0.00384,6.9,2,29,2,1,166009
0,7.14,0.0,35.56,0.00048,6.67,3,45,7,6,166011
0,7.5,0.0,25.38,0.00192,6.92,9,130,13,11,428154
0,12.53,0.0,27.75,0.0,12.36,45,364,30,26,428156
0,3.13,0.0,15.15,0.0,3.03,1,33,1,3,166014
0,6.98,0.0,22.73,0.0,6.82,3,44,2,5,428160
0,7.8,0.0,21.98,0.003672,7.69,28,364,28,24,428161
0,4.81,0.0,17.86,0.0015,4.46,5,112,5,10,166017
0,8.06,4.65,28.06,0.283344,6.32,16,253,22,33,428163
0,8.33,0.0,12.5,0.02166,8.33,2,24,0,1,166022
0,13.85,17.89,35.63,0.1713816,16.25,26,160,19,12,428169
0,5.71,0.0,21.62,0.0082,5.41,2,37,3,3,428170
0,1.85,0.0,11.11,0.0,1.85,1,54,2,3,166025
0,10.67,0.0,22.37,0.0,10.53,8,76,6,3,428174
0,6.35,0.0,28.8,0.005325,6.28,12,191,21,22,166031
0,16.87,8.4,25.23,0.3349224,11.68,25,214,24,5,34960
0,7.28,0.0,23.84,0.0,7.28,11,151,12,13,428181
0,9.86,0.0,26.76,0.01956,9.86,7,71,5,7,428185
0,9.68,0.0,22.35,0.01591,7.06,6,85,9,4,34972
0,4.71,0.0,16.09,0.0,4.6,4,87,3,7,166046
0,10.79,0.0,25.0,0.00378,9.87,15,152,11,12,428190
0,11.88,16.74,28.07,2.9081573,15.38,189,1229,95,61,34977
0,4.76,0.0,32.65,0.00816,4.08,2,49,4,10,428199
0,8.43,0.0,31.03,0.0,8.05,7,87,8,12,428201
0,10.84,9.09,30.98,0.13545311,10.77,32,297,32,28,428203
0,0.0,0.0,0.0,0.0,0.0,0,6,0,0,428204
0,0.0,0.0,0.0,0.0,0.0,0,14,0,0,428205
0,3.7,13.86,28.91,0.24726599999999999,11.72,15,128,14,8,34997
0,0.0,0.0,21.28,0.006072,0.0,0,47,4,6,428216
0,0.0,0.0,17.24,0.0,0.0,0,29,4,1,428217
0,7.08,0.0,18.18,0.0,7.02,17,242,13,14,428218
0,10.34,14.29,32.74,0.146206,13.27,15,113,11,11,35002
0,8.41,0.0,24.44,0.017568,8.0,18,225,19,18,428220
0,7.32,0.0,20.31,0.005505,4.69,3,64,5,5,166082
0,6.77,0.0,24.49,0.0221571,6.63,13,196,16,19,428227
0,1.52,0.0,16.46,0.00162,1.27,1,79,1,11,428232
0,7.5,0.0,28.74,0.0,6.9,6,87,8,11,428234
0,9.55,9.21,34.65,0.4212992,9.45,24,254,29,35,428238
0,13.33,0.0,32.26,0.0,12.9,4,31,4,2,428242
0,0.0,0.0,8.33,0.0,0.0,0,24,1,1,428243
0,7.14,0.0,30.0,0.0,6.67,2,30,4,3,428245
0,14.0,7.41,28.81,0.1451706,12.99,23,177,18,10,428248
0,2.44,0.0,14.63,0.0,2.44,1,41,0,5,428249
0,4.76,0.0,9.52,0.0,4.76,2,42,2,0,428250
0,5.94,0.0,13.46,0.0,5.77,6,104,3,5,166107
0,11.68,0.0,21.78,0.00756,11.39,23,202,6,15,428251
0,11.63,0.0,21.71,0.0,11.63,15,129,8,5,428253
0,5.88,0.0,20.0,0.004889999999999999,5.71,2,35,2,3,428254
0,6.98,0.0,21.74,0.00156,6.52,3,46,4,3,428255
0,13.19,0.0,30.6,0.00203685,13.11,24,183,15,17,428258
0,0.0,3.23,17.78,0.02719,2.22,1,45,3,4,35042
0,9.68,0.0,24.62,0.0,9.23,6,65,5,5,428260
0,12.5,0.0,28.57,0.0,12.5,7,56,5,4,428259
0,10.54,5.81,26.01,0.07182,9.91,64,646,57,47,166116
0,5.78,11.11,25.27,0.030115,6.04,11,182,20,15,35059
0,17.07,10.44,26.78,1.51616888,12.94,243,1878,157,103,166138
0,9.07,3.08,27.82,0.152149,8.7,91,1046,95,105,166143
0,0.0,0.0,0.0,0.0,0.0,0,1,0,0,297230
0,10.14,0.0,29.73,0.0,10.14,15,148,16,13,428311
0,5.38,0.0,22.68,0.0036,5.15,5,97,8,9,428313
0,5.84,0.0,24.24,0.032136,5.75,51,887,71,93,428314
0,9.26,0.0,27.78,0.0,9.26,5,54,5,5,428315
0,0.0,0.0,0.0,0.0,0.0,0,15,0,0,428316
0,9.81,9.8,27.03,0.0673,9.81,41,418,32,40,166180
0,11.61,9.09,28.42,0.3982249,10.74,51,475,46,38,428327
0,6.67,0.0,33.54,0.021219,6.33,10,158,18,25,428329
0,13.22,9.48,26.05,0.49975795,12.59,87,691,52,41,35119
0,0.0,0.0,0.0,0.0,0.0,0,13,0,0,428336
0,5.67,14.81,27.36,0.89503922,9.42,62,658,59,59,428341
0,3.61,0.0,15.46,0.01956,3.61,7,194,10,13,428345
0,0.0,0.0,0.0,0.0,0.0,0,5,0,0,166202
0,7.2,0.0,19.59,0.002625,6.94,17,245,16,15,166207
0,6.1,0.0,30.48,0.066,4.76,5,105,19,8,428352
0,12.85,0.0,24.18,0.006072,12.64,23,182,17,4,428355
0,9.21,0.0,28.11,0.04133625,8.71,35,402,35,43,428358
0,9.14,7.14,28.11,0.0755028,8.76,19,217,21,21,428367
0,8.82,0.0,14.71,0.0,8.82,6,68,3,1,428379
0,7.38,0.0,25.95,0.032628,6.96,11,158,17,13,428381
0,2.27,0.0,20.45,0.0,2.27,1,44,2,6,428382
0,5.83,0.0,26.85,0.00756,5.56,6,108,12,11,428385
0,21.43,15.29,31.63,2.421416,15.94,125,784,75,48,35174
0,14.59,11.24,27.01,0.216384,13.5,37,274,22,15,428391
0,4.44,0.0,22.22,0.0,4.44,2,45,7,1,428390
0,9.09,6.25,29.28,0.331976,8.75,23,263,37,17,428394
0,13.33,6.6,27.55,0.103051,9.69,19,196,13,22,35186
0,7.58,5.88,22.9,0.1115892,7.25,19,262,27,14,428406
0,2.94,0.0,27.03,0.00054,2.7,2,74,8,10,166265
0,8.64,0.0,34.29,0.1831497,6.67,7,105,10,19,428410
0,8.82,0.0,29.41,0.0,8.82,6,68,8,6,428412
0,0.0,0.0,16.33,0.0172728,0.0,0,49,4,4,35198
0,10.81,0.0,43.24,0.01968,10.81,4,37,4,8,428415
0,7.23,4.35,21.72,0.147218,5.95,34,571,37,53,35204
0,13.97,7.81,26.19,0.04761,12.8,43,336,25,20,166277
0,0.0,0.0,0.0,0.0,0.0,0,9,0,0,166281
0,0.0,0.0,0.0,0.0,0.0,0,17,0,0,166282
0,0.0,0.0,14.68,0.0735132,0.0,0,109,5,11,428425
0,6.98,0.0,27.59,0.0,6.9,6,87,6,12,428428
0,9.62,0.0,27.12,0.00234,8.47,5,59,4,7,428430
0,4.83,0.0,23.37,0.096204,3.83,10,261,24,27,35216
0,2.87,0.0,23.26,0.0054252,2.79,6,215,23,21,428433
0,15.85,0.0,30.95,0.0,15.48,13,84,5,8,428434
0,14.71,0.0,28.0,0.0107736,10.0,5,50,3,6,35231
0,11.45,0.0,26.09,0.0696182,10.87,15,138,9,12,428450
0,0.0,0.0,6.9,0.00405,0.0,0,29,0,2,35237
0,5.22,0.0,26.43,0.0048,5.0,7,140,12,18,428454
0,0.0,0.0,0.0,0.0,0.0,0,3,0,0,428455
0,4.92,1.98,24.22,0.0932706,3.59,8,223,20,26,166312
0,1.11,0.0,14.44,0.0,1.11,1,90,7,5,428470
0,3.13,0.0,14.58,0.0,3.13,3,96,7,4,166329
0,6.97,0.0,23.84,0.003435,6.9,55,797,65,70,166340
0,22.73,0.0,36.0,0.02178,20.0,5,25,2,2,428484
0,1.5,20.0,24.64,0.0144,2.17,3,138,14,17,428486
0,11.54,0.0,28.85,0.0,11.54,6,52,4,5,428492
0,13.98,9.18,27.46,0.1492119,12.32,35,284,20,23,428493
0,8.55,1.35,24.6,0.125586,7.14,27,378,33,33,428494
0,0.0,0.0,0.0,0.0,0.0,0,2,0,0,428496
0,0.0,0.0,0.0,0.0,0.0,0,16,0,0,428499
0,7.78,8.51,29.44,0.1130126,7.94,17,214,20,26,428500
0,4.35,0.0,26.67,0.004455,3.33,1,30,4,3,166358
0,6.0,0.0,27.72,0.0,5.94,6,101,12,10,166359
0,1.59,0.0,4.69,0.0,1.56,1,64,2,0,166360
0,13.41,10.24,27.82,0.55638445,12.45,137,1100,103,66,35293
0,14.29,5.45,28.82,0.0719868,13.36,70,524,45,36,428510
0,0.81,0.0,16.13,0.0,0.81,1,124,9,10,166368
0,10.0,0.0,29.41,0.085698,8.09,11,136,8,21,428517
0,13.04,5.56,21.88,0.068925,10.94,7,64,4,3,428519
0,4.95,0.0,25.19,0.10436308,4.69,19,405,40,43,428528
0,4.74,0.0,21.76,0.0,4.66,9,193,15,18,428530
0,5.46,0.0,18.76,0.0,5.46,23,421,19,37,428531
0,8.52,1.63,28.09,0.375183,5.69,17,299,34,33,428532
0,14.29,7.5,25.12,0.0240624,13.02,28,215,16,10,428534
0,15.0,0.0,35.94,0.007872,14.06,9,64,6,8,428540
0,9.09,2.99,29.21,0.1487712,4.49,4,89,9,13,428542
0,7.27,0.0,25.89,0.0,7.14,8,112,11,10,428543
0,14.81,0.0,33.33,0.02136,14.81,12,81,9,6,428545
0,13.73,0.0,21.15,0.00216,13.46,7,52,1,3,428550
0,0.0,0.0,25.0,0.00264,0.0,0,24,2,4,428555
0,5.65,0.0,27.02,0.0551982,5.65,14,248,21,32,428558
0,6.06,11.11,33.33,0.03866,6.48,7,108,16,13,428560
0,0.0,0.0,22.86,0.00495,0.0,0,35,5,3,428562
0,4.44,0.0,8.47,0.00672,3.39,2,59,1,2,428566
0,13.24,0.0,33.33,0.00852,10.34,9,87,10,10,428567
0,16.46,4.26,27.11,0.09479415,14.44,41,284,22,14,428570
0,7.61,8.22,26.06,0.052935,7.88,13,165,15,15,166426
0,9.88,0.0,31.48,0.0009,9.88,16,162,23,12,166428
0,0.0,0.0,20.0,0.0,0.0,0,15,0,3,428573
0,6.38,0.0,21.28,0.004935,6.38,6,94,3,11,428576
0,3.57,0.0,11.29,0.0,3.23,2,62,3,2,428577
0,7.86,11.56,26.67,1.4933478,9.83,171,1740,160,133,166434
0,5.05,3.57,22.57,0.030036,4.87,11,226,16,24,428579
0,11.87,9.64,25.18,0.386317,11.06,76,687,54,43,428578
0,3.64,0.0,12.73,0.0,3.64,2,55,4,1,428582
0,14.95,7.56,27.14,0.2279873,12.86,54,420,27,33,428586
0,0.0,0.0,0.0,0.0,0.0,0,15,0,0,428587
0,5.66,0.0,21.39,0.015865,5.2,9,173,17,11,35373
0,5.41,9.09,21.38,0.022685,5.66,9,159,11,14,428592
0,0.0,0.0,11.11,0.0,0.0,0,18,1,1,428597
0,14.38,12.86,28.23,1.260403,13.47,198,1470,130,87,35387
0,6.81,0.0,20.41,0.00072,6.53,16,245,17,17,428605
0,0.0,0.0,2.86,0.00021,0.0,0,35,0,1,166472
0,0.0,0.0,0.0,0.0,0.0,0,15,0,0,166474
0,5.46,0.0,21.81,0.05051895,5.37,16,298,24,25,428623
0,3.8,0.0,21.52,0.0,3.8,3,79,6,8,428626
0,0.0,0.0,16.67,0.0036,0.0,0,18,0,3,428627
0,4.35,0.0,11.54,0.0,3.85,1,26,1,1,428629
0,3.8,0.0,16.3,0.01836,3.8,7,184,9,14,428631
0,3.32,0.0,22.12,0.0066,3.23,7,217,21,20,428633
0,11.6,9.09,26.53,0.578338,10.32,91,882,68,75,35419
0,0.0,0.0,14.93,0.0,0.0,0,67,7,3,428636
0,8.65,16.67,20.42,0.056626,8.9,17,191,11,11,428637
0,0.0,0.0,0.0,0.0,0.0,0,10,0,0,428638
0,3.85,0.0,20.08,0.01484,3.79,10,264,27,16,35421
0,0.0,0.0,4.44,0.0,0.0,0,45,0,2,166493
0,1.2,0.0,9.64,0.00431235,1.2,2,166,8,6,428642
0,7.32,0.0,27.56,0.00422,7.09,9,127,13,13,166499
0,6.67,7.61,27.0,0.409185,7.09,31,437,37,50,428644
0,5.77,0.0,21.15,0.003935,5.77,3,52,5,3,166505
0,13.78,2.78,27.76,0.03062,13.05,71,544,45,35,166508
0,9.11,9.23,28.09,0.16655175,9.12,51,559,58,48,428654
0,6.06,2.5,16.98,0.01578,4.72,5,106,3,10,166512
0,12.16,0.0,35.14,0.0,12.16,9,74,11,6,428657
0,13.79,8.33,26.6,0.03966,11.7,11,94,5,9,35444
0,10.78,9.52,25.24,0.0467424,10.66,68,638,46,47,428663
0,9.84,0.0,24.77,0.00665,9.6,31,323,19,30,166527
0,5.95,0.0,21.28,0.0,5.32,5,94,10,5,428675
0,3.77,0.0,13.21,0.00845,3.77,2,53,4,1,428677
0,20.9,9.72,26.17,0.370104,11.66,45,386,36,20,35462
0,21.43,14.56,33.16,0.2673495,17.65,33,187,19,10,428679
0,16.19,13.4,29.7,0.2740239,14.85,30,202,18,12,428680
0,7.35,0.0,14.67,0.001875,6.67,5,75,6,0,166536
0,3.23,0.0,9.68,0.0,3.23,1,31,1,1,428682
0,5.88,0.0,21.29,0.018315,5.88,21,357,30,25,428684
0,5.9,7.29,27.54,0.88900238,6.52,36,552,40,76,428696
0,4.83,5.13,24.66,0.2067,4.93,11,223,22,22,428697
0,11.96,7.01,30.01,1.24376495,9.65,118,1223,122,127,428698
0,9.35,2.54,33.73,0.3505438,6.93,23,332,37,52,428699
0,22.58,0.0,48.39,0.0,22.58,7,31,4,4,428700
0,6.41,0.0,26.58,0.00054,6.33,5,79,9,7,166559
0,2.86,0.0,20.0,0.0008,2.22,1,45,5,3,166561
0,9.31,7.69,24.09,0.0172874,9.24,28,303,17,28,35491
0,7.16,0.0,23.61,0.00865,7.16,27,377,31,31,428707
0,14.29,25.0,23.86,0.00896,14.77,13,88,5,3,166563
0,6.9,0.0,15.0,0.0,6.67,4,60,4,1,428711
0,0.0,0.0,5.88,0.0,0.0,0,34,2,0,428716
0,8.24,0.0,20.0,0.00855,8.24,7,85,7,3,428721
0,6.41,3.17,22.56,0.0574584,5.72,17,297,22,28,166578
0,0.0,0.0,14.29,0.0,0.0,0,28,2,2,428728
0,3.72,2.22,23.61,0.0656364,3.43,8,233,18,29,428732
0,8.42,0.0,38.83,0.007065,7.77,8,103,19,13,166590
0,15.73,8.51,35.29,0.052135,13.24,18,136,21,9,166595
0,4.07,0.0,20.93,0.0,4.07,7,172,11,18,428743
0,4.6,5.88,22.51,0.01296,4.71,9,191,18,16,35528
0,6.15,1.69,26.63,0.049425,5.43,20,368,46,32,166601
0,13.79,2.94,35.58,0.191003,12.02,25,208,31,18,166604
0,13.25,0.0,19.44,0.0185724,10.19,11,108,7,3,166607
0,11.55,1.16,27.34,0.28085379,10.16,65,640,62,48,428751
0,9.82,6.67,24.05,0.017965,9.68,33,341,29,20,166608
0,11.26,9.26,29.71,0.13246313,10.87,30,276,24,28,428758
0,8.48,7.69,25.19,0.11771,8.42,124,1473,116,131,166615
0,6.78,3.7,23.17,0.1384364,6.5,39,600,46,54,35545
0,5.49,0.0,25.74,0.0123,5.36,20,373,42,34,166618
0,14.04,0.0,40.35,0.02136,14.04,8,57,7,8,428762
0,11.76,0.0,11.76,0.0,11.76,2,17,0,0,428772
0,2.08,0.0,18.87,0.00708,1.89,1,53,6,3,428773
0,0.0,0.0,15.79,0.0,0.0,0,19,2,1,428777
0,9.14,4.69,25.6,0.1234092,8.0,20,250,18,26,428778
0,3.57,0.0,24.11,0.0,3.55,5,141,9,20,166634
0,4.11,0.0,24.66,0.0,4.11,3,73,6,9,428781
0,16.0,0.0,25.56,0.03756,13.33,12,90,5,6,428782
0,5.56,0.0,9.52,0.00168,4.76,1,21,1,0,297709
0,14.38,10.31,28.78,0.1956558,13.41,55,410,37,26,428784
0,5.37,0.0,23.08,0.00253,5.29,11,208,12,25,166639
0,6.21,0.0,19.78,0.0078,6.04,11,182,11,14,428786
0,3.45,28.57,19.44,0.013608,8.33,3,36,4,0,35572
0,10.14,0.0,30.0,0.012364,10.0,7,70,7,7,428789
0,9.76,0.0,25.0,0.00726,7.69,4,52,4,5,428790
0,3.99,5.88,23.57,0.0314844,4.11,23,560,49,60,166657
0,6.9,0.0,24.14,0.0,6.9,2,29,3,2,428804
0,7.91,0.0,23.57,0.0,7.86,22,280,17,27,428806
0,7.69,2.17,25.94,0.481542,4.03,14,347,38,38,428808
0,10.89,4.52,26.5,0.15553015,9.9,99,1000,85,81,166664
0,14.12,0.0,39.78,0.00444,12.9,12,93,9,16,428810
0,0.0,0.0,25.0,0.0,0.0,0,20,4,1,428811
0,4.88,0.0,27.17,0.01488,4.35,4,92,8,13,428835
0,8.74,0.0,34.76,0.33135384,8.4,59,702,90,95,428836
0,8.33,0.0,14.58,0.0,8.33,4,48,2,1,428837
0,4.17,0.0,18.14,0.00528,3.98,9,226,13,19,428838
0,9.26,10.45,30.58,0.0754768,9.92,12,121,10,15,166696
0,16.79,8.77,30.28,0.1207552,13.15,33,251,23,20,166697
0,7.25,0.0,21.74,0.00169275,7.25,5,69,3,7,428842
0,13.77,15.21,28.82,2.645839,14.37,192,1336,113,80,166699
0,0.0,0.0,0.0,0.0,0.0,0,9,0,0,428843
0,8.7,0.0,25.0,0.0,7.14,2,28,2,3,428845
0,10.18,7.41,28.48,0.037512,9.93,30,302,32,24,428848
0,5.88,0.0,26.52,0.034691,5.3,7,132,11,17,166705
0,11.65,6.49,28.98,0.1584606,10.25,29,283,36,17,428856
0,13.61,13.56,29.18,1.4154292,13.58,135,994,86,69,35642
0,5.52,0.0,20.55,0.0,5.48,8,146,11,11,428859
0,3.36,0.0,20.86,0.0,3.36,14,417,26,47,428861
0,1.45,0.0,17.07,0.01037,1.22,1,82,7,6,166722
0,0.0,0.0,6.67,0.0,0.0,0,15,0,1,428867
0,8.36,3.7,35.0,0.24345172,7.37,28,380,46,59,428868
0,5.53,0.0,24.23,0.0,5.38,14,260,29,20,166726
0,14.38,8.25,27.05,0.2294656,13.45,172,1279,100,74,166728
0,9.35,2.56,26.65,0.0306,8.82,44,499,47,42,166730
0,16.39,9.92,28.81,0.26237565,13.17,32,243,22,16,428875
0,9.64,0.0,29.89,0.13328024,9.61,27,281,27,30,428876
0,6.67,0.0,33.33,0.009475,6.67,4,60,4,12,428877
0,1.52,0.0,14.93,0.0,1.49,1,67,5,4,35662
0,3.7,0.0,29.07,0.00216,3.49,3,86,5,17,428879
0,0.0,0.0,15.38,0.0,0.0,0,13,0,2,428878
0,8.99,0.0,29.41,0.071096,7.84,8,102,14,8,428881
0,2.7,0.0,24.32,0.0,2.7,1,37,2,6,428880
0,4.35,0.0,17.39,0.0,4.35,1,23,0,3,428883
0,0.0,0.0,6.25,0.0,0.0,0,16,0,1,428884
0,4.35,0.0,16.84,0.003135,4.21,4,95,5,7,35671
0,9.09,0.0,13.33,0.0024,6.67,1,15,0,1,166744
0,9.96,3.77,28.17,0.226407,8.27,32,387,35,42,166745
0,7.03,0.0,26.67,0.00828,6.67,13,195,20,19,428891
0,10.26,0.0,30.77,0.0,10.26,4,39,3,5,428892
0,14.29,0.0,47.62,0.0,14.29,3,21,4,3,428893
0,5.36,0.0,17.86,0.0,5.36,3,56,3,4,428900
0,5.29,2.83,23.55,0.093455,4.89,32,654,54,68,166760
0,5.0,0.0,35.0,0.0,5.0,2,40,4,8,428906
0,11.48,10.73,26.4,0.374979,10.87,35,322,27,23,166773
0,10.24,7.41,27.48,0.2026368,9.92,70,706,64,60,166778
0,1.69,14.29,31.2,0.04906,2.4,3,125,14,22,428923
0,5.42,0.0,22.96,0.0949872,5.41,49,906,62,97,166781
0,13.75,13.19,29.05,0.26086484,13.66,118,864,73,60,166785
0,3.45,0.0,31.46,0.001285,3.37,3,89,11,14,297858
0,10.29,9.2,28.57,0.5450738,9.79,37,378,35,36,428934
0,7.47,0.0,26.21,0.007335,7.26,18,248,23,24,428935
0,12.39,0.0,30.09,0.0,12.39,14,113,8,12,428938
0,3.32,0.0,25.32,0.0239822,2.95,7,237,28,25,166798
0,0.0,0.0,10.0,0.0,0.0,0,10,0,1,428942
0,0.0,0.0,0.0,0.0,0.0,0,8,0,0,428945
0,0.0,0.0,7.14,0.0,0.0,0,14,1,0,428948
0,11.0,11.84,28.1,0.582684,11.32,145,1281,117,98,166807
0,2.99,0.0,19.48,0.023976,2.6,2,77,9,4,35738
0,12.0,0.0,24.0,0.0,12.0,9,75,3,6,428955
0,0.0,0.0,0.0,0.0,0.0,0,6,0,0,428956
0,8.49,0.0,27.57,0.01752,8.41,18,214,25,16,35742
0,4.59,0.0,22.48,0.005415,4.59,10,218,21,18,428959
0,6.03,4.17,26.4,0.09254499999999999,5.88,67,1140,118,116,166815
0,2.7,0.0,7.69,0.0,2.56,1,39,0,2,297886
0,0.0,0.0,0.0,0.0,0.0,0,11,0,0,428971
0,12.77,0.0,27.37,0.006,12.63,12,95,5,9,166829
0,15.38,0.0,39.53,0.006912,13.95,6,43,6,5,428974
0,3.45,1.89,17.68,0.103812,3.03,6,198,11,18,428973
0,6.91,0.0,27.11,0.002845,6.67,15,225,15,31,166830
0,8.9,4.17,27.98,0.08096835,8.59,31,361,26,44,428977
0,12.93,13.46,30.7,0.397428,13.24,47,355,32,30,35762
0,5.71,22.22,28.95,0.0815325,7.02,8,114,13,12,428976
0,0.93,0.0,17.59,0.0,0.93,1,108,10,8,428979
0,10.0,13.64,26.09,0.05223,10.87,20,184,12,16,166837
0,7.46,9.01,23.8,1.0434578,8.04,77,958,77,74,428982
0,5.25,0.0,24.18,0.0,5.23,24,459,40,47,166839
0,7.66,2.94,25.83,0.01518,7.38,42,569,50,55,35771
0,8.33,0.0,33.33,0.0,8.33,4,48,5,7,428991
0,8.36,0.0,26.13,0.00537,8.36,24,287,25,26,428997
0,10.26,0.0,26.42,0.021822,7.55,4,53,6,4,429002
0,2.94,0.0,16.67,0.0,2.56,2,78,7,4,429004
0,12.1,7.35,27.33,0.1009558,10.67,48,450,44,31,166862
0,13.19,0.0,38.14,0.00396,12.37,12,97,13,12,35793
0,7.69,6.36,25.07,0.11682,7.31,28,383,31,37,429010
0,7.52,10.09,25.86,1.5760449,8.34,252,3020,269,260,166876
0,7.29,7.58,27.22,0.10722,7.31,69,944,82,106,166878
0,14.29,7.5,28.19,0.0789404,11.89,27,227,19,18,35808
0,0.0,0.0,4.26,0.0024,0.0,0,47,1,1,35810
0,7.28,0.0,29.68,0.00951,7.1,11,155,19,16,429028
0,9.23,0.0,30.88,0.00534,8.82,6,68,6,9,429029
0,0.0,0.0,13.04,0.0,0.0,0,23,1,2,429032
0,6.57,0.0,29.93,0.0017649,6.57,9,137,17,15,429033
0,0.0,0.0,0.0,0.0,0.0,0,8,0,0,429034
0,11.17,12.09,23.96,1.674696,11.48,278,2421,167,135,166892
0,1.95,0.0,23.23,0.01135,1.94,3,155,14,19,35821
0,4.17,0.0,16.67,0.0,4.17,1,24,1,2,429037
0,5.96,3.57,26.51,0.080213,5.76,20,347,36,36,429039
0,12.5,0.0,28.41,0.0053502,12.5,11,88,5,9,429040
0,3.85,0.0,31.03,0.01242,3.45,1,29,3,5,429042
0,5.93,0.0,23.62,0.034572,5.54,15,271,25,24,429043
0,3.17,0.0,11.11,0.0,3.17,2,63,3,2,429045
0,4.35,0.0,24.7,0.07186457,3.61,6,166,7,28,429047
0,10.38,11.11,24.48,0.10564,10.46,50,478,37,30,166907
0,5.88,0.0,34.18,0.01952749,5.7,9,158,12,33,429053
0,9.09,5.0,28.34,0.12837925,8.1,20,247,23,27,429055
0,0.0,0.0,18.75,0.0,0.0,0,16,1,2,429056
